,lead_time,arrival_date_week_number,arrival_date_day_of_month,stays_in_weekend_nights,stays_in_week_nights,adults,children,babies,previous_cancellations,previous_bookings_not_canceled,booking_changes,days_in_waiting_list,adr,required_car_parking_spaces,total_of_special_requests,hotel_Resort Hotel,meal,country,market_segment,reserved_room_type,assigned_room_type,deposit_type,customer_type
109831,140,17,28,2,2,2,0,0,0,0,2,0,130.0,0,2,0,BB,FRA,Offline TA/TO,A,A,No Deposit,Transient-Party
85424,0,13,22,0,3,1,0,0,0,0,0,0,111.33,0,1,0,SC,ITA,Online TA,A,A,No Deposit,Transient
68218,25,20,20,2,1,2,0,0,0,0,0,0,90.0,0,0,0,BB,PRT,Groups,A,A,No Deposit,Transient-Party
22602,0,16,13,0,2,1,0,0,0,0,0,0,95.0,0,0,1,BB,DEU,Direct,F,F,No Deposit,Transient
55952,80,37,7,0,1,3,0,0,0,0,0,0,168.3,0,0,0,BB,DEU,Online TA,D,D,No Deposit,Transient
97327,159,39,19,1,2,2,0,0,0,0,0,0,144.0,0,0,0,BB,BRA,Offline TA/TO,A,A,No Deposit,Transient-Party
91518,117,27,26,2,2,2,0,0,0,0,0,0,83.83,0,1,0,BB,PRT,Online TA,B,B,No Deposit,Transient-Party
15479,156,32,2,2,5,2,0,0,0,0,0,0,112.63,0,0,1,BB,GBR,Offline TA/TO,E,E,No Deposit,Transient
10062,238,6,10,0,2,2,0,0,0,0,0,0,54.0,0,0,1,HB,PRT,Groups,A,A,Non Refund,Transient
29131,21,44,29,2,1,2,0,0,0,0,0,0,135.0,0,1,1,HB,ESP,Online TA,E,E,No Deposit,Transient
59653,277,46,7,1,2,2,0,0,0,0,0,0,100.0,0,0,0,BB,PRT,Groups,A,A,Non Refund,Transient
11341,210,18,4,2,5,1,0,0,0,0,0,0,50.4,0,1,1,HB,PRT,Offline TA/TO,A,A,No Deposit,Transient
12530,347,27,3,3,7,3,1,0,0,0,0,0,184.0,0,0,1,BB,NOR,Online TA,H,H,No Deposit,Transient
97045,18,38,15,0,3,2,0,0,0,0,0,0,174.0,0,2,0,BB,ITA,Online TA,D,D,No Deposit,Transient
89476,98,23,30,1,1,2,0,0,0,0,1,0,89.75,1,0,0,BB,NLD,Offline TA/TO,A,A,No Deposit,Transient
26676,3,34,18,0,3,2,0,1,0,0,0,0,170.7,1,1,1,BB,ESP,Direct,A,A,No Deposit,Transient
109121,147,15,13,1,3,2,0,0,0,0,0,0,105.68,0,1,0,BB,DEU,Online TA,D,D,No Deposit,Transient
11108,278,16,21,2,2,2,0,0,0,0,0,0,81.0,0,0,1,BB,FIN,Online TA,E,E,No Deposit,Transient
8329,22,39,22,2,3,2,0,0,0,0,0,0,146.2,0,1,1,BB,IRL,Online TA,E,E,No Deposit,Transient
49237,108,17,18,1,4,2,0,0,0,0,0,0,82.4,0,0,0,BB,IRL,Online TA,A,A,No Deposit,Transient
52601,256,25,15,0,2,2,0,0,0,0,0,0,109.0,0,0,0,HB,PRT,Offline TA/TO,A,A,No Deposit,Transient-Party
51428,316,22,26,0,3,2,0,0,0,0,0,0,110.0,0,0,0,BB,AUT,Groups,A,A,No Deposit,Transient-Party
4104,38,7,13,0,1,2,0,0,0,0,0,0,58.0,0,0,1,BB,PRT,Online TA,A,A,No Deposit,Transient
85216,49,12,18,1,2,2,0,0,0,0,0,0,63.58,0,0,0,BB,GBR,Offline TA/TO,A,A,No Deposit,Transient
30465,0,3,15,1,0,2,0,0,0,1,0,0,41.0,0,0,1,BB,PRT,Direct,A,A,No Deposit,Transient
19112,13,52,23,0,4,1,0,0,0,0,1,0,73.75,0,1,1,BB,FRA,Online TA,E,E,No Deposit,Transient
110329,210,18,1,1,3,2,0,0,0,0,0,0,117.0,0,2,0,BB,DEU,Online TA,A,A,No Deposit,Transient
110389,0,18,3,0,2,1,0,0,0,0,0,0,150.0,0,2,0,SC,PRT,Online TA,A,A,No Deposit,Transient
106643,27,10,7,0,3,2,0,0,0,0,0,0,118.0,0,1,0,BB,GBR,Online TA,D,D,No Deposit,Transient
30791,1,52,20,0,1,1,0,0,0,0,0,0,30.0,1,0,1,BB,PRT,Corporate,A,D,No Deposit,Transient
111458,395,20,17,0,3,2,0,0,0,0,0,0,112.67,0,1,0,BB,DEU,Offline TA/TO,A,A,No Deposit,Transient-Party
57781,76,42,10,1,0,1,0,0,0,0,0,0,120.0,0,0,0,BB,PRT,Offline TA/TO,A,A,No Deposit,Transient-Party
8954,178,43,22,2,2,3,1,0,0,0,0,0,110.75,0,0,1,BB,SWE,Online TA,G,G,No Deposit,Transient
31857,6,3,20,1,2,2,0,0,0,0,0,0,34.0,0,1,1,BB,GBR,Offline TA/TO,A,A,No Deposit,Transient
111470,37,20,17,0,3,2,0,0,0,0,0,0,218.0,0,3,0,HB,FRA,Online TA,A,A,No Deposit,Transient
68975,174,22,1,0,2,2,0,0,0,0,0,0,100.0,0,0,0,BB,PRT,Groups,A,A,Non Refund,Transient
74914,327,37,9,0,2,2,0,0,1,0,0,0,62.0,0,0,0,BB,PRT,Groups,A,A,Non Refund,Transient-Party
16935,0,41,5,1,3,2,0,0,0,0,0,0,109.0,0,0,1,FB,PRT,Corporate,A,H,No Deposit,Transient-Party
42863,74,38,18,0,2,2,0,0,0,0,0,0,109.0,0,0,0,HB,PRT,Offline TA/TO,A,G,No Deposit,Transient-Party
96246,1,36,2,2,5,1,0,0,0,0,0,0,110.0,0,0,0,BB,USA,Aviation,A,A,No Deposit,Transient
93877,1,32,3,0,1,2,0,0,0,0,0,0,166.0,0,3,0,BB,FRA,Online TA,D,B,No Deposit,Transient
11547,310,20,17,2,5,2,0,0,0,0,0,0,54.0,0,0,1,BB,GBR,Online TA,A,A,No Deposit,Transient
111789,18,21,22,1,1,2,0,0,0,0,0,0,120.0,0,1,0,BB,PRT,Groups,A,A,No Deposit,Transient-Party
41798,4,36,4,0,2,2,0,0,0,0,0,0,124.0,1,1,0,BB,GBR,Online TA,A,A,No Deposit,Contract
31724,40,3,16,1,2,1,0,0,0,0,1,0,55.0,0,0,1,Undefined,PRT,Groups,A,E,No Deposit,Transient-Party
95509,8,35,22,1,5,2,0,0,0,0,0,0,99.46,0,1,0,BB,USA,Online TA,D,D,No Deposit,Transient
116917,148,30,29,2,6,2,0,0,0,0,0,0,139.5,0,1,0,BB,FRA,Online TA,D,D,No Deposit,Transient
70033,120,25,18,2,2,2,0,0,0,0,0,0,109.71,0,1,0,BB,FRA,Online TA,A,A,No Deposit,Transient
53339,20,27,1,0,1,2,1,0,0,0,0,0,169.0,0,1,0,BB,OTHER,Online TA,A,F,No Deposit,Transient
42312,44,37,10,0,2,2,0,0,0,0,0,0,126.0,0,0,0,HB,PRT,Groups,A,A,Non Refund,Transient
63286,42,8,21,2,5,3,0,0,0,0,0,0,145.96,0,1,0,HB,GBR,Online TA,E,E,No Deposit,Transient
95375,142,35,21,2,3,0,2,0,0,0,0,0,95.79,0,1,0,BB,IRL,Online TA,B,B,No Deposit,Transient
16350,117,37,6,2,5,2,0,0,0,0,0,0,91.5,0,0,1,HB,PRT,Offline TA/TO,A,A,No Deposit,Transient
42834,72,38,18,0,1,1,0,0,0,0,1,0,84.0,0,0,0,HB,PRT,Offline TA/TO,A,D,No Deposit,Transient-Party
32380,14,6,7,0,1,1,0,0,0,0,0,0,35.0,0,0,1,BB,PRT,Offline TA/TO,A,A,No Deposit,Transient
43862,61,41,4,2,0,2,0,0,0,0,0,0,91.0,0,0,0,BB,FRA,Offline TA/TO,A,A,No Deposit,Transient-Party
91160,265,26,24,0,2,2,0,0,0,0,0,0,112.0,0,1,0,HB,DEU,Offline TA/TO,A,A,No Deposit,Transient-Party
97060,25,38,16,1,2,2,0,0,0,0,0,0,155.67,0,4,0,BB,CHE,Online TA,A,A,No Deposit,Transient
89082,96,22,23,1,0,2,0,0,0,0,0,0,116.1,0,1,0,SC,GBR,Online TA,A,A,No Deposit,Transient-Party
6848,324,28,7,2,3,2,0,0,0,0,0,0,108.0,0,2,1,HB,PRT,Online TA,A,A,No Deposit,Transient
25996,27,31,29,1,2,2,0,1,0,0,1,0,165.04,0,2,1,HB,ESP,Online TA,A,B,No Deposit,Transient
76010,199,39,21,1,1,2,0,0,1,0,0,0,48.0,0,0,0,BB,PRT,Offline TA/TO,A,A,No Deposit,Transient
57032,14,40,26,3,10,2,0,0,0,0,0,0,191.31,0,0,0,BB,AGO,Direct,E,E,No Deposit,Transient
23101,101,17,23,2,4,2,0,0,0,0,0,0,64.67,0,0,1,BB,GBR,Offline TA/TO,E,E,No Deposit,Transient
96436,154,37,8,0,3,2,0,0,0,0,0,0,126.9,0,3,0,BB,FRA,Online TA,A,A,No Deposit,Transient
32184,0,5,31,0,1,1,0,0,0,0,0,0,35.0,0,0,1,BB,PRT,Corporate,A,D,No Deposit,Transient
99871,88,43,22,2,4,2,0,0,0,0,0,0,106.25,0,0,0,HB,FRA,Offline TA/TO,A,A,No Deposit,Transient
111083,80,19,11,1,3,2,0,0,0,0,0,0,121.5,0,1,0,SC,ESP,Online TA,A,A,No Deposit,Transient
93392,116,31,28,0,1,3,0,0,0,0,1,0,137.7,0,1,0,BB,NLD,Online TA,D,E,No Deposit,Transient
109497,3,16,22,0,1,2,2,0,0,0,0,0,336.0,1,1,0,HB,ESP,Online TA,F,F,No Deposit,Transient
62391,13,4,24,8,22,1,0,0,0,0,1,0,73.89,0,1,0,SC,AGO,Online TA,A,A,No Deposit,Transient
59938,300,46,11,0,2,2,0,0,0,0,0,0,65.0,0,0,0,BB,PRT,Groups,A,A,Non Refund,Transient
103769,4,2,10,0,2,1,0,0,0,0,0,0,70.0,0,0,0,BB,ESP,Groups,A,A,No Deposit,Transient-Party
89337,3,22,28,0,1,1,0,0,0,0,0,0,155.0,0,1,0,BB,PRT,Online TA,A,A,No Deposit,Transient
9551,58,50,10,2,3,2,0,0,0,0,1,0,68.0,0,1,1,BB,GBR,Online TA,D,D,No Deposit,Transient
74742,299,33,12,0,2,2,0,0,1,0,0,0,62.0,0,0,0,BB,PRT,Groups,A,A,Non Refund,Transient-Party
43225,34,39,23,0,3,2,0,0,0,0,0,33,224.67,0,0,0,HB,ESP,Offline TA/TO,A,A,No Deposit,Transient-Party
80052,1,47,19,0,1,1,0,0,0,0,0,0,65.0,0,0,0,BB,PRT,Corporate,A,A,No Deposit,Transient
54782,405,33,10,0,2,2,0,0,0,0,0,0,65.0,0,0,0,BB,PRT,Groups,A,A,Non Refund,Transient
34413,9,14,7,0,1,2,0,0,0,0,0,0,115.0,0,2,1,BB,PRT,Online TA,E,E,No Deposit,Transient
6613,293,26,21,0,5,2,0,0,0,0,0,0,72.0,0,0,1,BB,ESP,Online TA,A,A,No Deposit,Transient
64363,68,12,19,2,1,1,0,0,0,0,0,0,110.7,0,0,0,BB,AGO,Online TA,D,D,No Deposit,Transient
100716,24,46,7,1,2,1,0,0,0,0,0,0,153.23,0,1,0,BB,NOR,Online TA,A,A,No Deposit,Transient
106218,33,9,1,0,3,2,0,0,0,0,0,0,80.0,0,0,0,BB,DEU,Offline TA/TO,A,A,No Deposit,Transient
21459,1,11,12,0,1,2,0,1,0,0,1,0,58.0,0,1,1,BB,PRT,Online TA,A,D,No Deposit,Transient
104575,1,26,28,0,1,1,0,0,0,1,0,0,95.0,0,0,0,BB,PRT,Corporate,A,A,No Deposit,Transient
71076,349,27,8,4,6,2,2,0,0,0,0,0,180.9,0,1,0,BB,FRA,Online TA,F,F,No Deposit,Transient
118079,108,34,20,2,3,1,0,0,0,0,0,0,112.5,0,0,0,BB,PRT,Direct,A,A,No Deposit,Transient
91029,54,26,20,1,3,2,0,0,0,0,0,0,113.4,0,1,0,BB,ITA,Online TA,D,D,No Deposit,Transient
14999,188,28,11,2,5,2,0,0,0,0,0,0,106.15,0,0,1,HB,GBR,Offline TA/TO,D,D,No Deposit,Contract
20658,1,51,14,0,1,1,0,0,0,3,1,0,30.0,0,0,1,BB,PRT,Corporate,A,D,No Deposit,Transient
77259,16,39,25,1,2,2,0,0,0,0,1,0,170.0,0,0,0,BB,ITA,Groups,A,A,No Deposit,Transient-Party
74496,268,29,12,2,1,2,0,0,1,0,0,0,82.0,0,0,0,BB,PRT,Offline TA/TO,A,A,No Deposit,Transient
71945,31,30,29,2,1,2,0,0,0,0,0,0,170.0,0,1,0,BB,ESP,Online TA,D,D,No Deposit,Transient
34247,62,13,1,1,1,2,0,0,0,0,0,0,85.0,1,0,1,BB,FRA,Online TA,E,E,No Deposit,Transient
62664,56,5,1,0,3,2,0,0,0,0,0,0,60.0,0,0,0,BB,PRT,Groups,A,A,Non Refund,Transient
111948,208,21,24,0,2,1,0,0,0,0,1,0,91.5,0,0,0,HB,DEU,Groups,A,A,No Deposit,Transient-Party
61464,224,53,29,2,3,2,0,0,0,0,0,0,82.11,0,0,0,BB,AUS,Online TA,A,A,No Deposit,Transient
34791,0,16,16,1,0,2,2,0,0,0,0,0,131.0,0,0,1,BB,PRT,Direct,C,C,No Deposit,Transient
97434,89,39,20,0,3,3,0,0,0,0,0,0,168.3,0,1,0,BB,FRA,Online TA,D,D,No Deposit,Transient
113319,67,24,12,1,2,2,0,0,0,0,0,0,95.76,0,1,0,SC,NLD,Online TA,A,A,No Deposit,Transient
104165,2,3,19,0,3,2,0,0,0,0,0,0,86.0,1,3,0,BB,ESP,Direct,A,A,No Deposit,Transient
30290,10,49,3,0,1,1,0,0,0,0,0,0,44.0,0,0,1,HB,PRT,Groups,A,A,No Deposit,Transient-Party
22343,22,15,3,2,2,1,0,0,0,0,0,0,75.75,0,0,1,BB,NLD,Online TA,D,D,No Deposit,Transient-Party
52087,56,24,8,0,2,2,0,0,0,0,0,0,113.4,0,0,0,BB,ISR,Online TA,A,A,No Deposit,Transient
14089,51,4,25,0,2,1,0,0,0,5,0,0,29.6,0,0,1,BB,PRT,Online TA,A,A,No Deposit,Group
87511,41,18,28,0,3,2,0,0,0,0,1,0,120.0,0,1,0,BB,GBR,Online TA,A,A,No Deposit,Transient
61000,28,51,15,1,3,3,0,0,0,0,0,0,130.9,0,2,0,BB,FRA,Online TA,D,D,No Deposit,Transient
57793,68,42,10,1,2,2,0,0,0,0,2,0,132.3,0,3,0,BB,IRL,Online TA,D,D,No Deposit,Transient
79724,45,16,10,1,0,1,0,0,1,6,0,0,65.0,0,0,0,BB,PRT,Corporate,A,A,No Deposit,Transient-Party
70770,111,26,1,2,2,2,0,0,0,0,0,0,135.0,0,0,0,BB,OTHER,Online TA,D,D,No Deposit,Transient
109290,129,15,12,2,5,2,0,0,0,0,0,0,134.36,0,0,0,BB,DEU,Online TA,D,D,No Deposit,Transient-Party
39914,132,30,23,1,3,2,0,0,0,0,0,0,85.0,0,0,0,HB,PRT,Groups,A,A,No Deposit,Transient-Party
3081,10,47,15,2,0,2,0,0,0,0,0,0,58.0,0,1,1,BB,GBR,Online TA,D,D,No Deposit,Transient
5693,7,20,11,0,1,1,0,0,0,0,1,0,70.0,0,0,1,BB,PRT,Direct,A,A,No Deposit,Transient-Party
91463,0,27,28,0,1,1,0,0,0,0,0,0,149.0,0,1,0,BB,PRT,Online TA,A,A,No Deposit,Transient
104625,1,5,2,0,1,1,0,0,0,0,0,0,77.0,0,0,0,BB,PRT,Direct,A,A,No Deposit,Transient
90780,38,25,18,1,1,3,0,0,0,0,1,0,122.4,0,0,0,BB,PRT,Offline TA/TO,D,A,No Deposit,Transient
34130,68,13,26,2,3,1,0,0,0,0,0,0,79.2,0,0,1,BB,GBR,Direct,F,F,No Deposit,Transient
118415,269,34,22,2,5,2,0,0,0,0,0,0,99.0,0,2,0,SC,DEU,Online TA,A,A,No Deposit,Transient
83892,3,9,22,1,3,1,0,0,0,0,0,0,84.5,0,0,0,BB,NLD,Direct,A,A,No Deposit,Transient
77762,26,27,28,0,2,1,0,0,1,9,0,0,65.0,0,1,0,BB,PRT,Corporate,A,A,No Deposit,Transient
30343,8,49,1,0,3,2,0,0,0,0,0,0,53.67,0,1,1,BB,ESP,Online TA,A,D,No Deposit,Transient
33820,26,11,14,0,5,2,0,0,0,0,0,0,105.0,0,1,1,HB,DEU,Direct,E,G,No Deposit,Transient-Party
73601,335,38,17,0,2,2,0,0,1,0,0,0,62.0,0,0,0,BB,PRT,Groups,A,A,Non Refund,Contract
104655,14,5,2,0,2,1,0,0,0,0,2,0,80.0,0,0,0,BB,PRT,Groups,A,D,No Deposit,Transient-Party
71275,229,28,12,1,4,2,0,0,0,0,0,0,110.0,0,0,0,BB,PRT,Groups,A,A,Non Refund,Transient
117481,1,32,12,2,1,2,0,0,0,0,0,0,126.19,0,0,0,SC,PRT,Online TA,D,D,No Deposit,Transient
97107,7,38,16,1,2,2,0,0,0,0,0,0,191.73,0,2,0,BB,DEU,Online TA,F,F,No Deposit,Transient
28851,124,43,22,2,2,2,0,0,0,0,2,0,75.0,1,0,1,BB,SWE,Groups,E,E,No Deposit,Transient-Party
90627,139,25,15,0,3,2,0,0,0,0,0,0,116.1,0,2,0,SC,PRT,Online TA,A,A,No Deposit,Transient
100576,199,45,4,1,2,2,0,0,0,0,0,0,68.0,0,1,0,BB,GBR,Offline TA/TO,A,A,No Deposit,Transient
111240,5,19,13,2,2,1,0,0,0,0,0,0,110.0,0,0,0,BB,DEU,Groups,A,A,No Deposit,Transient-Party
28556,47,43,18,0,1,2,0,0,0,0,0,0,72.0,0,0,1,HB,RUS,Groups,A,A,No Deposit,Transient-Party
84428,46,10,4,1,2,2,0,0,0,0,0,0,98.3,1,1,0,BB,GBR,Online TA,D,D,No Deposit,Transient
85877,50,14,31,0,3,2,0,0,0,0,0,0,65.0,0,0,0,BB,ISR,Groups,A,A,No Deposit,Transient-Party
83195,57,7,7,2,2,2,0,0,0,0,0,0,65.0,0,1,0,BB,BEL,Direct,B,B,No Deposit,Transient
53470,60,28,4,1,1,1,1,0,0,0,0,0,132.7,0,0,0,BB,PRT,Online TA,A,A,No Deposit,Transient
74377,326,37,8,0,1,2,0,0,1,0,0,0,60.0,0,0,0,BB,PRT,Groups,A,A,Non Refund,Transient
26975,13,36,29,0,0,1,0,0,0,0,0,0,0.0,0,1,1,BB,ITA,Online TA,A,I,No Deposit,Transient-Party
64783,80,13,31,0,2,2,0,0,0,0,0,0,90.0,0,0,0,BB,PRT,Offline TA/TO,A,A,Non Refund,Transient
89024,47,21,21,1,1,2,0,0,0,0,0,0,140.4,0,1,0,BB,NOR,Online TA,D,D,No Deposit,Transient
77641,224,40,2,1,2,1,0,0,0,0,4,0,60.0,0,0,0,BB,PRT,Offline TA/TO,A,A,No Deposit,Transient-Party
60446,17,49,27,2,3,2,0,0,0,0,0,0,83.2,0,0,0,BB,PRT,Online TA,A,A,No Deposit,Transient
115707,147,29,16,2,1,2,2,0,0,0,0,0,209.0,0,0,0,BB,USA,Online TA,F,F,No Deposit,Transient
64921,73,14,3,1,3,2,0,0,0,0,0,0,105.0,0,0,0,BB,PRT,Groups,A,A,Non Refund,Transient
2030,80,40,28,1,3,2,0,0,0,0,0,0,69.5,0,2,1,BB,PRT,Online TA,A,A,No Deposit,Transient
86767,94,16,15,1,2,2,0,0,0,0,0,0,81.08,0,1,0,BB,FRA,Online TA,D,D,No Deposit,Transient
45978,0,2,3,1,0,2,0,0,0,0,0,0,99.0,0,0,0,BB,CHN,Online TA,D,D,No Deposit,Transient
54634,92,32,6,1,1,2,0,0,0,0,0,0,101.15,0,0,0,BB,PRT,Direct,A,A,No Deposit,Transient
98577,187,41,7,1,2,2,0,0,0,0,0,0,108.9,0,3,0,BB,FRA,Online TA,A,A,No Deposit,Transient
84994,56,12,15,0,3,1,0,0,0,0,0,0,56.83,0,1,0,BB,DEU,Online TA,A,A,No Deposit,Transient
55395,107,35,24,0,4,3,0,0,0,0,0,0,152.1,0,0,0,BB,ITA,Online TA,D,D,No Deposit,Transient
90284,23,25,12,1,0,3,0,0,0,0,0,0,133.95,1,0,0,BB,BRA,Online TA,D,D,No Deposit,Transient
92351,75,29,10,2,2,2,0,0,0,0,0,0,99.0,0,1,0,SC,FRA,Online TA,A,A,No Deposit,Transient
72426,112,32,10,1,3,3,0,0,0,0,0,0,125.0,0,0,0,SC,DNK,Online TA,A,A,No Deposit,Transient
35557,42,18,1,2,5,2,0,0,0,0,0,0,130.0,0,0,1,BB,IRL,Direct,F,F,No Deposit,Transient
39429,3,35,30,0,2,1,0,0,0,0,0,0,217.0,0,1,1,BB,PRT,Direct,E,F,No Deposit,Transient
82739,33,5,25,1,1,2,0,0,0,0,0,15,64.0,0,0,0,BB,BRA,Corporate,A,A,No Deposit,Transient-Party
58334,154,43,16,2,2,3,0,0,0,0,0,0,151.2,0,0,0,BB,DNK,Online TA,D,D,No Deposit,Transient
9416,232,48,26,2,1,2,0,0,0,0,0,0,30.0,0,0,1,BB,PRT,Groups,A,A,Non Refund,Transient
60305,2,48,23,0,1,1,0,0,0,0,0,0,103.0,0,0,0,BB,PRT,Online TA,A,A,No Deposit,Transient
55031,204,34,15,5,10,2,0,0,0,0,0,0,93.22,0,2,0,BB,FRA,Online TA,A,A,No Deposit,Transient
56260,32,38,13,2,5,2,0,0,0,0,0,0,137.52,0,0,0,BB,PRT,Online TA,E,E,No Deposit,Transient
91820,138,27,2,2,2,2,0,0,0,0,0,0,71.67,0,1,0,BB,USA,Online TA,A,A,No Deposit,Transient
48101,36,13,25,1,2,2,0,0,0,0,0,0,137.4,0,1,0,BB,FRA,Online TA,D,D,No Deposit,Transient
14741,253,37,12,2,5,2,0,0,1,0,0,0,58.95,0,0,1,BB,PRT,Offline TA/TO,A,A,Non Refund,Transient
26498,83,33,10,2,4,2,0,0,0,0,0,0,186.6,0,0,1,BB,FRA,Direct,D,D,No Deposit,Transient-Party
32430,8,6,8,0,1,1,0,0,0,0,1,0,68.2,1,0,1,BB,PRT,Offline TA/TO,G,G,No Deposit,Transient
44944,51,44,28,0,4,2,0,0,0,0,0,0,62.21,0,0,0,SC,FRA,Online TA,A,A,No Deposit,Transient
15072,68,30,20,1,3,2,0,0,0,0,0,0,135.0,0,2,1,BB,NLD,Online TA,D,D,No Deposit,Transient
25539,65,30,18,1,5,2,0,0,0,0,2,0,217.67,1,2,1,BB,PRT,Online TA,E,E,No Deposit,Transient
40350,124,32,8,2,1,2,0,0,0,0,0,0,94.5,0,0,0,HB,ITA,Offline TA/TO,A,A,No Deposit,Transient-Party
46957,50,9,22,2,5,2,0,0,0,0,0,0,12.0,0,0,0,BB,PRT,Offline TA/TO,E,E,No Deposit,Transient
49858,11,18,29,1,2,2,0,0,0,0,0,0,122.33,0,0,0,SC,ESP,Online TA,A,A,No Deposit,Transient
3508,113,52,20,2,5,2,0,0,0,0,0,0,32.4,0,1,1,BB,PRT,Online TA,A,A,No Deposit,Transient
9739,196,53,30,1,2,2,0,0,0,0,0,0,114.0,0,0,1,HB,PRT,Groups,A,A,No Deposit,Transient-Party
44740,50,43,24,1,1,2,0,0,0,0,0,0,75.0,0,0,0,BB,PRT,Groups,A,A,Non Refund,Transient
94108,137,31,29,3,7,2,0,0,0,0,0,0,147.9,0,1,0,HB,ITA,Online TA,D,D,No Deposit,Transient
111845,13,21,24,0,1,2,0,0,0,0,0,0,150.0,0,1,0,BB,CHN,Online TA,A,A,No Deposit,Transient-Party
48566,105,15,6,0,1,2,0,0,0,0,0,0,75.0,0,0,0,BB,PRT,Offline TA/TO,A,A,Non Refund,Transient
114095,396,26,25,2,0,2,0,0,0,0,0,0,122.4,0,1,0,HB,DEU,Offline TA/TO,A,A,No Deposit,Transient-Party
77298,5,40,28,1,0,1,0,0,0,0,0,0,65.0,0,0,0,BB,PRT,Corporate,A,A,No Deposit,Transient
102719,83,52,18,2,0,2,0,0,0,0,0,0,75.0,0,0,0,BB,FRA,Offline TA/TO,A,D,No Deposit,Transient
67492,157,19,11,0,3,2,0,0,0,0,0,0,120.0,0,2,0,SC,LUX,Online TA,A,A,No Deposit,Transient
110736,16,19,7,2,1,2,0,0,0,0,0,0,150.0,0,2,0,SC,ISR,Online TA,A,A,No Deposit,Transient
87966,7,19,5,0,3,1,0,0,0,0,0,0,112.0,0,0,0,BB,DEU,Offline TA/TO,A,B,No Deposit,Transient-Party
34695,46,14,8,2,5,2,0,0,0,0,0,0,84.0,0,0,1,HB,DEU,Groups,A,A,No Deposit,Transient-Party
74914,327,37,9,0,2,2,0,0,1,0,0,0,62.0,0,0,0,BB,PRT,Groups,A,A,Non Refund,Transient-Party
28024,0,41,4,0,1,3,0,0,0,0,0,0,150.0,1,1,1,BB,PRT,Direct,E,E,No Deposit,Transient
37077,307,23,8,4,10,2,0,0,0,0,0,0,98.4,0,0,1,HB,GBR,Offline TA/TO,D,D,No Deposit,Contract
49880,122,18,29,2,2,2,0,0,0,0,0,0,95.2,0,0,0,BB,ITA,Online TA,A,A,No Deposit,Transient
103799,53,2,8,2,3,2,0,0,0,0,2,0,88.4,0,1,0,BB,FRA,Online TA,A,A,No Deposit,Transient
21351,13,11,9,0,3,2,0,0,0,0,1,0,86.55,0,0,1,HB,DEU,Groups,A,D,No Deposit,Transient-Party
105111,36,7,12,2,1,2,0,0,0,0,0,0,60.8,0,0,0,SC,GBR,Online TA,A,A,No Deposit,Transient
65,3,27,3,0,2,2,0,0,0,0,0,0,110.5,0,0,1,BB,ESP,Online TA,A,C,No Deposit,Transient
81310,178,18,28,0,3,1,0,0,1,0,0,46,110.0,0,0,0,BB,PRT,Offline TA/TO,A,A,Non Refund,Transient
98362,215,41,3,1,3,2,0,0,0,0,0,0,90.95,0,0,0,BB,LUX,Offline TA/TO,D,D,No Deposit,Transient
13006,18,30,28,0,2,2,0,0,0,0,0,0,245.0,0,1,1,BB,CHN,Online TA,E,E,No Deposit,Transient
18477,17,49,30,1,3,1,0,0,0,0,0,0,36.0,0,0,1,BB,PRT,Groups,A,D,No Deposit,Transient-Party
45079,233,45,7,1,1,2,0,0,0,0,0,0,60.0,0,0,0,BB,FRA,Groups,A,A,No Deposit,Transient-Party
96693,45,38,11,2,2,2,1,0,0,0,0,0,162.79,0,2,0,BB,GBR,Online TA,A,A,No Deposit,Transient
110915,0,18,6,2,5,2,0,0,0,0,0,0,164.57,0,2,0,BB,NOR,Online TA,E,G,No Deposit,Transient
117154,72,31,3,2,5,2,0,0,0,0,0,0,120.0,0,1,0,BB,FIN,Online TA,A,A,No Deposit,Transient
106635,69,10,6,1,3,2,0,0,0,0,0,0,81.0,0,0,0,BB,DEU,Offline TA/TO,A,A,No Deposit,Transient
77577,1,40,2,0,2,1,0,0,0,0,0,0,100.0,0,0,0,BB,PRT,Offline TA/TO,A,A,No Deposit,Transient-Party
15293,3,31,30,0,2,2,0,0,0,0,0,0,195.0,1,3,1,BB,CHN,Online TA,G,G,No Deposit,Transient
16971,24,41,10,0,1,2,0,0,0,0,0,0,73.0,1,2,1,BB,ESP,Online TA,A,F,No Deposit,Transient
100989,56,46,10,1,3,2,0,0,0,0,0,0,88.23,0,0,0,BB,FRA,Online TA,A,A,No Deposit,Transient
12796,268,29,17,4,10,2,0,0,0,0,0,0,183.59,0,1,1,HB,PRT,Online TA,D,D,No Deposit,Transient
101224,0,47,18,0,1,1,0,0,0,0,0,0,95.0,0,0,0,SC,PRT,Online TA,A,A,No Deposit,Transient
5988,87,21,19,2,5,1,0,0,0,0,0,0,49.0,0,0,1,BB,PRT,Online TA,A,A,No Deposit,Transient
31890,2,3,21,2,1,2,0,0,0,0,0,0,65.0,1,1,1,BB,NLD,Online TA,D,D,No Deposit,Transient
56929,418,40,26,1,2,2,0,0,0,0,0,223,75.0,0,0,0,BB,PRT,Offline TA/TO,A,A,No Deposit,Transient-Party
31133,196,53,30,1,2,2,0,0,0,0,1,0,114.0,0,0,1,Undefined,PRT,Groups,A,A,No Deposit,Transient-Party
114640,27,27,2,2,0,2,0,0,0,0,3,0,152.0,0,0,0,BB,BRA,Online TA,A,A,No Deposit,Transient
24611,116,24,10,1,2,2,0,0,0,0,5,0,88.67,0,2,1,BB,PRT,Online TA,A,C,No Deposit,Transient
56403,433,38,15,0,2,2,0,0,0,0,0,0,62.0,0,0,0,BB,PRT,Groups,A,A,Non Refund,Transient
25453,0,29,14,0,2,1,0,0,0,0,1,0,146.0,0,0,1,BB,NLD,Direct,A,A,No Deposit,Transient
106581,73,10,6,1,3,2,0,0,0,0,0,0,74.8,0,0,0,SC,FRA,Online TA,A,A,No Deposit,Transient
40403,16,32,8,2,2,3,0,0,0,0,1,0,84.0,0,1,0,BB,ESP,Groups,A,D,No Deposit,Transient-Party
102707,3,51,14,2,4,2,2,0,0,0,0,0,118.25,0,1,0,BB,FRA,Direct,E,E,No Deposit,Transient
64103,138,11,13,1,4,2,0,0,0,0,2,0,75.68,0,1,0,SC,FRA,Online TA,A,A,No Deposit,Transient
25728,19,30,21,0,3,2,0,0,0,0,0,0,194.33,1,1,1,BB,ESP,Online TA,A,A,No Deposit,Transient
96413,183,37,8,0,3,2,0,0,0,0,0,0,110.0,0,1,0,BB,PRT,Offline TA/TO,A,A,No Deposit,Transient-Party
73257,279,30,23,0,2,2,0,0,1,0,0,0,62.8,0,0,0,BB,PRT,Groups,A,A,No Deposit,Transient-Party
69862,226,24,16,1,2,2,0,0,0,0,0,0,105.0,0,0,0,BB,PRT,Offline TA/TO,A,A,Non Refund,Transient
94362,8,33,10,0,2,2,2,0,0,0,0,0,240.0,0,2,0,BB,ITA,Online TA,F,F,No Deposit,Transient
61823,21,2,9,1,5,2,0,0,0,0,0,0,67.58,0,1,0,SC,ITA,Online TA,A,A,No Deposit,Transient
115840,180,29,18,0,3,2,0,0,0,0,0,0,89.1,0,1,0,BB,AUT,Offline TA/TO,A,A,No Deposit,Transient
63589,131,9,2,0,1,2,0,0,0,0,0,0,79.2,0,2,0,SC,POL,Online TA,A,A,No Deposit,Transient
22672,20,16,10,2,4,2,0,0,0,0,0,0,113.0,1,2,1,HB,PRT,Online TA,D,D,No Deposit,Transient-Party
100629,26,46,7,1,1,1,0,0,0,0,0,0,153.23,0,1,0,BB,FRA,Online TA,A,A,No Deposit,Transient
35291,1,18,30,1,0,2,0,0,0,0,0,0,112.0,1,1,1,BB,PRT,Online TA,E,E,No Deposit,Transient
61542,240,53,31,2,2,2,0,0,0,0,1,0,70.55,0,1,0,SC,ITA,Online TA,A,A,No Deposit,Transient
57715,24,42,9,1,0,1,0,0,0,0,0,0,120.0,0,0,0,BB,PRT,Groups,A,A,No Deposit,Transient
115512,184,28,15,0,1,2,0,0,0,0,0,0,89.1,0,0,0,BB,BEL,Direct,A,A,No Deposit,Transient
16379,204,37,8,2,5,2,0,0,0,0,0,0,55.68,0,0,1,BB,IRL,Offline TA/TO,A,A,No Deposit,Contract
46321,151,4,19,0,4,1,0,0,0,0,2,63,70.75,0,0,0,BB,OTHER,Offline TA/TO,A,A,No Deposit,Transient-Party
115886,12,29,16,2,4,2,0,0,0,0,0,0,147.67,0,2,0,BB,POL,Online TA,A,A,No Deposit,Transient
92671,66,30,18,1,0,1,0,0,0,0,0,0,69.3,0,1,0,SC,ESP,Online TA,A,A,No Deposit,Transient
45550,135,49,5,2,1,2,0,0,0,0,0,0,62.0,0,0,0,BB,PRT,Groups,A,A,No Deposit,Transient-Party
12790,211,29,17,3,6,2,0,0,0,0,0,0,152.5,0,1,1,BB,GBR,Online TA,A,A,No Deposit,Transient
100220,241,44,29,2,2,0,2,0,0,0,0,0,81.76,0,1,0,BB,SWE,Online TA,B,B,No Deposit,Transient-Party
71465,155,29,17,1,1,2,1,0,0,0,0,0,125.1,0,1,0,BB,USA,Online TA,A,A,No Deposit,Transient
4720,168,14,30,1,4,2,0,0,0,0,2,0,88.0,0,0,1,BB,GBR,Groups,A,F,No Deposit,Transient-Party
40152,28,32,3,1,3,2,0,0,0,0,0,0,62.0,0,0,0,BB,ESP,Groups,A,A,No Deposit,Transient-Party
24796,128,22,1,4,10,2,0,0,0,1,1,0,156.83,1,0,1,HB,PRT,Direct,E,E,No Deposit,Transient
54562,391,32,4,0,2,2,0,0,0,0,0,0,62.0,0,0,0,BB,PRT,Groups,A,A,Non Refund,Transient
95532,3,35,26,1,2,2,0,0,0,0,0,0,195.0,0,2,0,BB,AUS,Direct,E,E,No Deposit,Transient
747,33,31,27,1,4,2,0,0,0,0,0,0,134.0,0,0,1,BB,PRT,Online TA,A,A,No Deposit,Transient
53776,74,29,11,1,3,3,0,0,0,0,0,0,139.95,0,0,0,BB,GBR,Online TA,D,D,No Deposit,Transient
112361,127,22,28,2,2,3,0,0,0,0,2,0,171.0,0,1,0,BB,GBR,Online TA,D,D,No Deposit,Transient
76493,5,36,1,0,2,2,0,0,0,0,0,0,105.0,0,0,0,BB,POL,Online TA,A,A,No Deposit,Transient
108880,71,15,10,1,2,3,0,0,0,0,0,0,189.0,0,3,0,HB,FRA,Online TA,E,E,No Deposit,Transient
17265,9,42,14,1,4,2,0,0,0,0,0,0,48.2,0,1,1,BB,PRT,Online TA,A,A,No Deposit,Transient
23855,47,21,16,1,0,2,0,0,0,0,0,0,58.0,0,0,1,BB,ROU,Online TA,A,A,No Deposit,Transient
3358,44,49,5,2,1,2,0,0,0,0,0,0,70.0,0,0,1,BB,PRT,Groups,A,A,No Deposit,Transient-Party
18563,22,49,5,1,1,2,1,0,0,0,1,0,58.0,0,2,1,BB,PRT,Direct,E,F,No Deposit,Transient
49685,42,18,25,1,3,2,2,0,0,0,0,0,175.28,0,0,0,BB,FRA,Online TA,F,F,No Deposit,Transient
68574,149,21,25,0,3,2,0,0,0,0,0,0,162.0,0,2,0,BB,DEU,Online TA,E,E,No Deposit,Transient
14094,4,21,22,1,2,2,0,0,0,0,0,0,110.0,0,0,1,BB,PRT,Online TA,E,E,No Deposit,Transient
13860,112,39,19,5,10,1,0,0,0,1,0,0,56.0,1,1,1,BB,PRT,Direct,A,A,No Deposit,Transient
115973,184,29,20,0,3,2,0,0,0,0,0,0,114.9,0,1,0,BB,DEU,Online TA,A,A,No Deposit,Transient
89250,48,22,22,2,2,1,0,0,0,0,0,0,81.0,0,0,0,BB,GBR,Offline TA/TO,A,A,No Deposit,Transient
104524,5,5,30,1,0,1,0,0,0,0,1,0,98.0,0,0,0,BB,PRT,Online TA,A,A,No Deposit,Transient
5616,44,19,6,2,3,2,0,0,0,0,0,0,95.0,0,0,1,BB,USA,Online TA,E,E,No Deposit,Transient
17051,13,44,27,0,1,1,0,0,0,2,0,0,39.0,0,0,1,BB,PRT,Offline TA/TO,A,A,No Deposit,Transient
82781,53,5,24,2,3,2,0,0,0,0,0,0,60.0,0,0,0,BB,FRA,Offline TA/TO,A,D,No Deposit,Transient
64134,259,11,14,0,4,2,0,0,0,0,0,0,85.0,0,1,0,BB,DEU,Online TA,A,A,No Deposit,Transient
75428,301,33,14,0,2,2,0,0,1,0,0,0,101.5,0,0,0,HB,PRT,Offline TA/TO,A,A,Non Refund,Transient-Party
108258,55,13,1,1,1,2,0,0,0,0,0,0,126.0,0,1,0,BB,FRA,Online TA,D,D,No Deposit,Transient
54562,391,32,4,0,2,2,0,0,0,0,0,0,62.0,0,0,0,BB,PRT,Groups,A,A,Non Refund,Transient
87468,99,18,28,0,2,2,0,0,0,0,0,0,114.3,0,1,0,BB,BRA,Online TA,A,A,No Deposit,Transient
36952,347,23,4,4,10,2,0,0,0,0,0,0,86.7,0,0,1,HB,GBR,Offline TA/TO,A,A,No Deposit,Contract
88448,84,20,13,1,2,3,0,0,0,0,0,0,114.34,0,2,0,SC,FRA,Online TA,A,C,No Deposit,Transient
6271,215,23,1,0,3,2,0,0,0,0,0,0,110.0,0,0,1,FB,PRT,Groups,A,A,Non Refund,Transient
32009,3,4,27,0,1,2,0,0,0,0,0,0,45.0,0,1,1,BB,PRT,Direct,A,E,No Deposit,Transient
85777,80,13,26,2,4,2,0,0,0,0,0,0,80.75,0,0,0,BB,DEU,Offline TA/TO,A,A,No Deposit,Transient
57697,205,41,8,1,1,2,0,0,0,0,0,0,98.1,0,0,0,SC,USA,Online TA,A,A,No Deposit,Transient
87465,53,18,25,1,4,3,0,0,0,0,0,0,104.58,0,1,0,BB,BRA,Online TA,D,D,No Deposit,Transient
98104,91,40,30,1,2,1,0,0,0,0,0,0,75.0,0,0,0,BB,FRA,Offline TA/TO,A,D,No Deposit,Transient-Party
10765,10,14,3,1,1,1,0,0,0,0,0,0,45.0,0,0,1,BB,PRT,Corporate,A,D,Non Refund,Transient
34473,9,14,7,0,2,2,0,0,0,0,0,0,92.0,1,1,1,BB,ESP,Online TA,A,A,No Deposit,Transient
15193,72,31,26,2,2,2,0,0,0,0,0,0,157.0,1,1,1,BB,PRT,Online TA,E,E,No Deposit,Transient
118435,26,35,27,2,0,2,0,0,0,0,1,0,143.5,0,2,0,BB,BRA,Online TA,A,A,No Deposit,Transient
32915,0,13,27,1,0,1,0,0,0,2,2,0,60.0,0,1,1,BB,PRT,Corporate,A,A,No Deposit,Transient
105668,48,8,22,0,2,1,0,0,0,0,0,0,65.0,0,1,0,BB,ESP,Groups,A,A,No Deposit,Transient-Party
113569,40,24,16,1,2,2,0,0,0,0,0,0,160.0,0,2,0,BB,CHE,Online TA,A,A,No Deposit,Transient
5160,32,17,19,2,5,2,0,0,0,0,0,0,69.36,0,0,1,HB,PRT,Groups,D,D,No Deposit,Transient-Party
52014,56,24,8,0,1,2,0,0,0,0,0,0,120.0,0,0,0,BB,PRT,Offline TA/TO,A,A,No Deposit,Transient-Party
15663,329,32,2,4,10,3,0,0,0,0,0,0,146.2,0,2,1,BB,GBR,Offline TA/TO,E,E,No Deposit,Contract
102618,2,51,16,0,1,1,0,0,0,0,0,0,67.0,1,0,0,BB,PRT,Corporate,A,A,No Deposit,Transient
80225,180,16,13,0,1,2,0,0,1,0,0,38,125.0,0,0,0,HB,PRT,Offline TA/TO,A,A,Non Refund,Transient
18632,20,50,6,2,0,2,0,0,0,0,0,0,79.2,0,2,1,HB,ESP,Online TA,A,D,No Deposit,Transient
46739,0,7,13,1,1,2,0,0,0,0,0,0,106.0,0,0,0,BB,PRT,Online TA,D,E,No Deposit,Transient-Party
76285,2,33,12,0,1,2,0,0,0,0,0,0,65.0,0,0,0,BB,PRT,Corporate,A,A,No Deposit,Transient
14403,222,38,15,1,5,2,0,0,25,0,0,0,49.95,0,0,1,FB,PRT,Groups,A,A,Non Refund,Transient
100336,7,45,3,0,1,1,0,0,0,0,0,0,79.0,0,0,0,BB,PRT,Corporate,A,A,No Deposit,Transient
57557,275,41,5,1,4,2,0,0,0,0,0,0,90.0,0,0,0,BB,PRT,Offline TA/TO,A,A,Non Refund,Transient
76348,239,42,17,0,1,2,0,0,1,0,0,0,60.0,0,0,0,BB,PRT,Groups,A,A,Non Refund,Transient
86220,2,15,8,0,1,1,0,0,0,0,0,0,89.0,0,0,0,SC,DEU,Online TA,A,A,No Deposit,Transient
24534,96,24,8,0,4,2,0,0,0,0,0,0,116.0,0,1,1,BB,FRA,Online TA,A,A,No Deposit,Transient
24125,141,22,25,0,1,2,0,0,0,0,0,0,59.0,0,1,1,BB,NOR,Offline TA/TO,D,E,No Deposit,Transient-Party
28028,0,41,4,0,1,2,0,0,0,0,0,0,130.0,1,1,1,BB,GBR,Direct,A,F,No Deposit,Transient
82428,0,2,7,0,2,1,0,0,0,1,1,0,0.0,0,0,0,BB,PRT,Complementary,A,A,No Deposit,Transient
67236,109,18,6,2,2,2,0,0,0,0,0,0,121.0,0,1,0,HB,PRT,Offline TA/TO,A,A,No Deposit,Transient
105517,1,8,20,1,1,1,0,0,0,0,1,0,118.0,0,1,0,BB,NLD,Online TA,D,D,No Deposit,Transient
20577,3,8,20,1,0,1,0,0,0,1,0,0,35.0,0,0,1,BB,PRT,Corporate,A,D,No Deposit,Transient
92524,80,29,10,2,5,2,0,0,0,0,0,0,142.07,0,1,0,HB,FRA,Online TA,A,D,No Deposit,Transient
82595,36,4,19,0,2,1,0,0,0,0,2,0,71.0,0,0,0,BB,DEU,Offline TA/TO,A,A,No Deposit,Transient-Party
94888,320,34,18,0,2,2,0,0,0,0,0,0,115.0,0,1,0,HB,DEU,Offline TA/TO,A,A,No Deposit,Transient-Party
46187,12,3,15,2,2,2,1,0,0,0,0,0,75.0,0,0,0,SC,OTHER,Online TA,A,A,No Deposit,Transient-Party
19291,112,53,30,0,3,2,0,0,0,0,1,0,224.67,0,0,1,Undefined,PRT,Groups,A,A,No Deposit,Transient-Party
87094,5,38,12,1,1,1,0,0,2,1,0,0,110.0,0,0,0,BB,ESP,Aviation,D,D,No Deposit,Transient
112027,289,21,24,0,3,2,0,0,0,0,0,0,123.3,0,1,0,BB,ITA,Online TA,D,D,No Deposit,Transient
2377,143,41,10,2,5,2,0,0,0,0,0,0,36.05,0,0,1,BB,PRT,Groups,A,A,Non Refund,Transient
57820,183,42,11,0,1,1,0,0,0,0,0,0,98.1,0,0,0,SC,FRA,Online TA,A,A,No Deposit,Transient
44454,102,42,16,0,2,2,0,0,0,0,0,0,109.0,0,0,0,HB,DEU,Offline TA/TO,A,B,No Deposit,Transient-Party
50119,302,19,5,0,2,2,0,0,0,0,0,0,62.0,0,0,0,BB,PRT,Groups,A,A,Non Refund,Transient
31465,23,1,5,2,5,1,0,0,0,0,0,0,47.0,0,0,1,Undefined,FRA,Offline TA/TO,A,A,No Deposit,Transient
66420,242,17,26,0,4,2,0,0,0,0,0,0,126.9,0,2,0,BB,IRL,Online TA,D,D,No Deposit,Transient
112058,127,21,21,2,5,2,0,0,0,0,1,0,170.3,0,1,0,HB,GBR,Direct,D,D,No Deposit,Transient
33899,5,12,22,0,1,1,0,0,0,0,0,0,60.0,0,0,1,BB,PRT,Direct,A,C,No Deposit,Transient
6103,224,22,25,1,4,1,0,0,0,0,5,0,40.0,0,0,1,BB,GBR,Groups,A,A,No Deposit,Transient-Party
30856,54,52,19,1,4,1,0,0,0,0,0,0,43.0,0,1,1,BB,CHN,Online TA,A,A,No Deposit,Transient
104273,37,4,23,1,1,2,0,0,0,0,0,0,87.75,0,1,0,BB,CHN,Online TA,A,A,No Deposit,Transient
48720,98,15,8,0,2,2,0,0,0,0,0,0,85.6,0,1,0,BB,ITA,Online TA,A,A,No Deposit,Transient
19512,13,2,7,1,3,2,0,0,0,0,0,0,33.3,0,0,1,BB,OTHER,Offline TA/TO,D,D,No Deposit,Transient
74856,313,35,26,0,2,1,0,0,1,0,0,0,60.0,0,0,0,BB,PRT,Groups,A,A,Non Refund,Transient-Party
29292,181,44,29,2,5,2,0,0,0,0,1,0,74.49,0,0,1,HB,GBR,Online TA,E,E,No Deposit,Transient
18130,287,35,25,2,3,2,0,0,1,0,0,0,128.0,0,0,1,BB,PRT,Groups,D,D,Non Refund,Transient
43516,68,40,29,0,2,2,0,0,0,0,0,0,65.0,0,0,0,BB,FRA,Offline TA/TO,A,A,No Deposit,Transient-Party
74699,294,32,7,0,2,2,0,0,1,0,0,0,62.0,0,0,0,BB,PRT,Groups,A,A,Non Refund,Transient-Party
79957,221,24,10,1,2,2,0,0,1,0,0,15,80.0,0,0,0,BB,PRT,Offline TA/TO,A,A,Non Refund,Transient
20461,18,7,12,0,2,2,0,0,0,0,0,0,29.0,0,0,1,BB,PRT,Offline TA/TO,A,D,No Deposit,Transient
98338,5,21,23,0,3,1,0,0,0,2,0,0,65.0,0,1,0,BB,PRT,Corporate,A,A,No Deposit,Transient
17270,285,42,13,1,5,2,0,0,0,0,1,0,43.08,1,0,1,BB,GBR,Groups,A,G,No Deposit,Transient-Party
4832,171,15,4,1,1,1,0,0,0,0,2,0,54.5,0,0,1,HB,PRT,Groups,A,A,Non Refund,Transient-Party
100184,117,44,28,2,2,3,0,0,0,0,0,0,123.3,0,2,0,BB,FRA,Online TA,D,D,No Deposit,Transient
112454,194,22,28,2,4,2,2,0,0,0,1,0,227.25,0,0,0,BB,FRA,Direct,G,G,No Deposit,Transient
9691,288,53,26,3,6,2,2,0,0,0,0,0,148.11,0,0,1,HB,GBR,Online TA,G,G,No Deposit,Transient
1309,62,35,23,2,5,2,0,0,0,0,0,0,101.65,0,0,1,BB,IRL,Offline TA/TO,A,A,No Deposit,Transient
112918,93,23,5,1,3,2,0,0,0,0,0,0,135.43,0,0,0,HB,NLD,Online TA,A,A,No Deposit,Transient
64083,52,11,13,1,1,1,0,0,0,0,0,0,80.0,0,0,0,BB,PRT,Offline TA/TO,A,A,Non Refund,Transient
103945,151,3,16,1,0,2,0,0,0,0,3,0,67.15,0,0,0,BB,AUS,Direct,A,A,No Deposit,Transient
25985,65,31,29,1,2,2,0,0,0,0,0,0,192.67,0,1,1,BB,FIN,Online TA,D,D,No Deposit,Transient
11044,210,16,16,2,5,2,0,0,0,0,2,0,84.21,0,2,1,BB,DNK,Online TA,E,E,No Deposit,Transient
2377,143,41,10,2,5,2,0,0,0,0,0,0,36.05,0,0,1,BB,PRT,Groups,A,A,Non Refund,Transient
43408,87,39,25,2,3,2,0,0,0,0,0,0,170.0,0,0,0,BB,PRT,Groups,A,A,Non Refund,Transient
97787,62,40,27,0,2,1,0,0,0,0,0,0,115.04,0,1,0,BB,NLD,Online TA,D,D,No Deposit,Transient
55329,148,35,22,1,4,2,0,0,0,0,1,0,96.3,0,0,0,BB,AUT,Online TA,A,A,No Deposit,Transient
106362,14,10,10,0,1,2,0,0,0,1,0,0,158.0,0,1,0,BB,BRA,Online TA,E,E,No Deposit,Group
80548,0,49,29,0,1,2,0,0,0,2,0,0,0.0,0,3,0,HB,PRT,Complementary,G,G,No Deposit,Transient
72147,60,31,2,2,6,2,0,0,0,0,0,0,160.0,0,1,0,BB,IRL,Online TA,A,A,No Deposit,Transient
20688,39,7,12,2,5,2,0,0,0,0,0,0,58.7,0,0,1,HB,GBR,Offline TA/TO,D,D,No Deposit,Transient
90210,70,24,10,0,2,2,0,0,0,0,0,0,85.0,0,1,0,BB,PRT,Direct,A,A,No Deposit,Transient
46773,2,8,14,2,1,1,0,0,0,0,0,0,79.0,0,0,0,SC,AGO,Direct,A,A,No Deposit,Transient-Party
81479,305,40,1,1,1,2,0,0,1,0,0,17,100.0,0,0,0,HB,PRT,Groups,A,A,Non Refund,Transient
21806,6,13,21,1,0,2,0,0,0,0,0,0,26.1,0,0,1,BB,ESP,Offline TA/TO,A,A,No Deposit,Transient
23352,140,18,28,2,5,2,0,0,0,0,0,0,143.0,0,0,1,HB,GBR,Direct,G,G,No Deposit,Transient
82378,177,20,8,2,0,2,0,0,1,0,0,0,121.0,0,0,0,HB,PRT,Offline TA/TO,A,A,Non Refund,Transient
41366,50,35,25,0,4,2,0,0,0,0,0,0,62.0,0,0,0,BB,PRT,Groups,A,A,No Deposit,Transient-Party
17865,234,28,5,2,8,2,2,0,1,0,0,0,123.3,0,0,1,HB,PRT,Offline TA/TO,C,C,No Deposit,Transient
57838,97,42,11,0,2,2,0,0,0,0,0,0,97.2,0,1,0,SC,CHN,Online TA,A,A,No Deposit,Transient
111730,1,21,22,1,1,2,0,0,0,0,0,0,120.0,0,1,0,BB,PRT,Groups,A,A,No Deposit,Transient-Party
47227,12,10,1,0,5,2,0,0,0,0,1,0,130.22,0,2,0,HB,DEU,Online TA,A,A,No Deposit,Transient
10544,94,11,14,2,7,1,0,0,0,0,0,0,55.0,0,0,1,BB,ITA,Online TA,A,A,No Deposit,Transient
81551,64,53,31,0,3,2,0,0,1,0,0,0,101.33,0,0,0,BB,PRT,Online TA,A,A,No Deposit,Transient
104448,55,4,22,2,5,2,0,0,0,0,0,0,88.4,0,0,0,BB,DEU,Online TA,A,A,No Deposit,Transient
109675,85,17,23,2,1,2,0,0,0,0,0,0,108.0,0,0,0,BB,CHE,Direct,A,A,No Deposit,Transient
8463,132,40,30,2,2,1,0,0,0,0,0,0,67.5,0,0,1,BB,GBR,Online TA,A,A,No Deposit,Transient
63908,241,10,9,0,3,1,0,0,0,0,0,0,84.6,0,0,0,BB,DEU,Online TA,A,A,No Deposit,Transient
106491,39,10,5,2,1,2,0,0,0,0,0,0,75.0,0,0,0,BB,FRA,Offline TA/TO,A,D,No Deposit,Transient
77602,224,40,2,1,2,2,0,0,0,0,0,0,65.0,0,0,0,BB,FRA,Offline TA/TO,A,A,No Deposit,Transient-Party
33859,0,12,20,0,0,1,0,0,0,0,0,0,0.0,0,0,1,BB,PRT,Direct,A,D,No Deposit,Transient
59333,304,45,3,0,3,2,0,0,0,0,0,0,89.0,0,0,0,BB,PRT,Offline TA/TO,A,A,Non Refund,Transient
111729,5,21,22,1,1,1,0,0,0,0,1,0,110.0,0,0,0,BB,ESP,Groups,A,A,No Deposit,Transient-Party
117969,94,33,18,2,4,1,0,0,0,0,3,0,115.0,0,3,0,BB,USA,Offline TA/TO,A,A,No Deposit,Transient-Party
116217,291,30,25,0,1,2,0,0,0,0,0,0,98.1,0,1,0,BB,GBR,Direct,A,A,No Deposit,Transient
13168,42,31,4,0,2,2,0,0,0,0,1,0,212.5,0,0,1,BB,PRT,Direct,A,A,No Deposit,Transient
29307,142,44,29,2,5,2,2,0,0,0,0,0,95.71,0,1,1,BB,GBR,Online TA,G,G,No Deposit,Transient
61287,90,53,26,1,4,2,0,1,0,0,1,0,88.74,0,0,0,SC,FRA,Online TA,A,A,No Deposit,Transient
51597,57,23,31,0,1,1,0,0,0,0,0,0,120.0,0,0,0,BB,PRT,Groups,A,A,No Deposit,Transient-Party
40360,0,32,8,1,1,2,0,0,0,0,1,0,100.0,0,0,0,BB,BRA,Direct,D,D,No Deposit,Transient
85793,76,14,27,2,3,2,0,0,0,0,0,0,58.9,0,1,0,SC,NLD,Online TA,A,A,No Deposit,Transient
77947,0,41,7,0,3,2,2,0,0,0,0,0,196.0,0,2,0,BB,PRT,Online TA,F,F,No Deposit,Contract
108936,142,15,10,1,3,2,0,0,0,0,0,0,119.25,0,1,0,BB,IRL,Online TA,A,A,No Deposit,Transient
113269,29,24,11,2,1,2,0,0,0,0,2,0,120.0,0,1,0,SC,IRL,Online TA,A,A,No Deposit,Transient
44435,180,42,16,0,1,2,0,0,0,0,0,0,70.0,0,0,0,BB,PRT,Offline TA/TO,A,A,Non Refund,Transient
81216,113,9,25,0,3,2,0,0,1,0,0,44,75.0,0,0,0,BB,PRT,Offline TA/TO,A,A,Non Refund,Transient
32689,1,7,17,0,2,2,0,0,0,0,0,0,68.0,0,1,1,BB,USA,Online TA,D,D,No Deposit,Transient
32887,18,8,20,1,0,1,0,0,0,0,0,0,37.0,1,0,1,BB,PRT,Offline TA/TO,A,A,No Deposit,Transient
10887,124,15,9,2,5,2,0,0,0,0,1,0,80.0,0,0,1,HB,PRT,Groups,A,C,Non Refund,Transient
22236,169,14,31,0,3,1,0,0,0,0,2,0,60.0,0,0,1,BB,IRL,Groups,A,A,Refundable,Transient-Party
12554,345,27,5,0,3,2,0,0,0,0,0,0,107.1,0,2,1,BB,SWE,Online TA,D,D,No Deposit,Transient
78856,11,43,23,2,2,2,0,0,0,0,0,0,88.5,0,0,0,BB,ITA,Offline TA/TO,A,A,No Deposit,Transient-Party
35689,257,19,9,0,4,2,0,0,0,0,0,0,91.0,0,0,1,HB,GBR,Groups,D,D,No Deposit,Transient-Party
32016,121,4,22,2,5,2,0,0,0,0,0,0,66.8,0,0,1,HB,GBR,Groups,D,D,No Deposit,Transient-Party
103081,298,53,27,0,3,2,0,0,0,0,0,0,78.3,0,2,0,BB,DEU,Online TA,A,C,No Deposit,Transient
20196,4,6,5,0,2,2,0,0,0,0,0,0,98.0,0,2,1,BB,PRT,Online TA,G,G,No Deposit,Transient
25207,144,27,27,3,6,1,0,0,0,0,0,0,83.7,0,1,1,HB,DEU,Offline TA/TO,D,D,No Deposit,Transient
104126,0,3,18,0,3,2,0,0,0,0,0,0,88.0,0,2,0,SC,PRT,Direct,A,A,No Deposit,Transient
97000,24,38,17,0,1,1,0,0,0,0,0,0,170.63,0,0,0,BB,PRT,Direct,E,E,No Deposit,Transient
13461,40,33,17,1,3,2,0,0,0,0,0,0,289.8,0,1,1,HB,PRT,Online TA,F,F,No Deposit,Transient
93232,171,30,20,2,5,2,0,0,0,0,0,0,106.13,0,1,0,BB,DEU,Online TA,D,D,No Deposit,Transient-Party
91024,34,26,19,2,3,2,0,0,0,0,0,0,80.75,0,1,0,BB,IRL,Offline TA/TO,A,A,No Deposit,Transient
32738,94,7,13,1,3,2,0,0,0,0,0,0,62.0,0,0,1,HB,GBR,Groups,A,A,No Deposit,Transient
26976,11,35,26,1,2,2,0,0,0,0,0,0,219.67,1,2,1,BB,ESP,Online TA,D,D,No Deposit,Transient-Party
8697,337,42,9,2,5,2,0,0,0,0,0,101,67.99,0,0,1,HB,GBR,Groups,D,E,No Deposit,Transient-Party
73176,112,35,31,1,3,2,0,0,0,0,0,0,145.0,0,2,0,BB,DEU,Online TA,A,A,No Deposit,Transient
2071,55,40,30,0,3,1,0,0,0,0,0,0,67.5,0,0,1,HB,PRT,Offline TA/TO,A,A,No Deposit,Transient-Party
97139,3,39,19,1,0,1,0,0,0,0,1,0,139.13,0,0,0,BB,PRT,Corporate,A,A,No Deposit,Transient-Party
50984,211,21,20,0,2,2,0,0,0,0,0,111,100.0,0,0,0,BB,PRT,Offline TA/TO,A,A,Non Refund,Transient
61195,278,52,23,2,5,2,0,0,0,0,0,0,73.95,0,0,0,BB,OTHER,Online TA,A,A,No Deposit,Transient
51926,24,24,6,1,2,1,0,0,0,0,0,0,120.0,0,0,0,BB,PRT,Offline TA/TO,A,A,No Deposit,Transient-Party
85227,0,13,21,0,0,2,0,1,0,0,1,0,0.0,0,1,0,BB,PRT,Direct,A,A,No Deposit,Transient
11434,302,19,9,0,4,2,0,0,0,0,0,0,81.0,0,0,1,HB,PRT,Groups,A,A,No Deposit,Transient-Party
74592,344,39,26,2,1,2,0,0,1,0,0,0,170.0,0,0,0,BB,PRT,Groups,A,A,Non Refund,Transient
105006,142,6,10,1,2,2,0,0,0,0,1,0,75.0,0,0,0,BB,FRA,Offline TA/TO,A,D,No Deposit,Transient
1591,54,36,5,2,5,2,0,0,0,0,0,0,98.0,0,2,1,BB,CN,Direct,A,A,No Deposit,Transient
26815,342,34,20,2,3,2,0,0,0,1,0,0,185.4,0,2,1,HB,PRT,Online TA,D,D,No Deposit,Transient
3600,0,52,25,0,1,2,0,0,0,0,0,0,55.0,0,0,1,BB,PRT,Online TA,A,A,Non Refund,Transient
77256,17,39,26,1,1,1,0,0,0,0,1,0,170.0,0,1,0,BB,FRA,Groups,A,D,No Deposit,Transient-Party
34214,7,30,26,0,1,1,0,0,0,1,1,0,164.0,0,0,1,BB,PRT,Direct,A,D,No Deposit,Transient
53163,146,27,27,1,1,2,0,0,0,0,0,0,85.5,0,1,0,SC,ITA,Online TA,A,A,No Deposit,Transient
32212,0,5,1,0,1,1,0,0,0,0,0,0,35.0,0,0,1,BB,PRT,Corporate,A,D,No Deposit,Transient
19940,2,5,27,0,1,1,0,0,0,0,0,0,40.0,1,1,1,BB,PRT,Online TA,A,D,No Deposit,Transient
53972,84,30,17,2,3,2,0,0,0,0,0,0,96.3,0,0,0,SC,FRA,Online TA,A,A,No Deposit,Transient
23327,0,19,3,0,1,1,0,0,0,0,0,0,70.0,0,0,1,BB,PRT,Direct,A,E,No Deposit,Transient
80001,10,46,14,2,2,2,0,0,0,0,0,0,43.5,0,0,0,BB,DEU,Offline TA/TO,A,D,No Deposit,Transient
86872,33,17,18,1,1,2,0,0,0,0,0,0,80.1,0,0,0,SC,PRT,Online TA,A,A,No Deposit,Transient
101194,14,47,14,1,3,2,0,0,0,0,0,0,75.27,0,2,0,BB,BEL,Online TA,D,D,No Deposit,Transient
73096,43,35,28,1,2,2,0,0,0,0,0,0,140.0,0,2,0,SC,DEU,Online TA,A,A,No Deposit,Transient
41056,1,34,18,0,1,1,0,0,0,0,0,0,114.0,0,0,0,BB,PRT,Direct,A,A,No Deposit,Transient
3311,66,49,5,1,1,2,0,0,0,0,3,0,64.0,0,0,1,FB,ESP,Groups,A,A,No Deposit,Transient-Party
89022,113,21,18,1,4,2,0,0,0,0,0,0,132.77,0,2,0,BB,GBR,Online TA,A,A,No Deposit,Transient
62103,55,3,18,0,2,1,0,0,0,0,0,0,79.0,0,0,0,BB,PRT,Groups,A,A,Non Refund,Transient
100040,44,44,28,0,2,2,1,0,0,0,0,0,100.0,0,0,0,BB,ESP,Offline TA/TO,A,A,No Deposit,Transient
33528,3,10,6,1,4,2,0,0,0,0,0,0,68.4,0,0,1,BB,IRL,Direct,D,D,No Deposit,Transient
107558,50,11,18,2,4,2,0,0,0,0,0,0,68.0,0,0,0,BB,SWE,Offline TA/TO,A,A,No Deposit,Transient
9599,19,52,20,0,1,2,0,0,0,0,0,0,48.0,0,0,1,BB,ITA,Online TA,A,A,No Deposit,Transient
12592,313,27,7,2,5,2,0,0,0,0,0,0,119.08,0,2,1,BB,PRT,Online TA,A,A,No Deposit,Transient
13759,98,35,30,0,3,2,0,0,0,0,0,0,210.0,0,1,1,BB,BRA,Online TA,D,D,No Deposit,Transient
46181,38,3,15,1,2,2,0,0,0,0,0,0,55.59,0,0,0,BB,ITA,Online TA,A,A,No Deposit,Transient
118404,311,35,28,1,0,2,0,0,0,0,0,0,89.1,0,0,0,SC,PRT,Online TA,A,A,No Deposit,Transient
96249,192,37,5,1,3,2,0,0,0,0,0,0,107.1,0,2,0,BB,POL,Online TA,A,A,No Deposit,Transient
12673,16,28,12,0,3,2,0,0,0,0,1,1,192.38,0,1,1,BB,PRT,Direct,E,E,No Deposit,Transient
31237,68,53,29,2,5,2,0,0,0,0,1,0,94.29,0,1,1,Undefined,FRA,Offline TA/TO,A,A,No Deposit,Transient
108015,49,13,30,0,1,1,0,0,0,0,0,0,79.2,0,0,0,SC,GBR,Online TA,A,A,No Deposit,Transient
59233,43,45,1,0,3,2,0,0,0,0,0,0,104.4,0,1,0,BB,ESP,Online TA,A,A,No Deposit,Transient
82228,68,8,17,0,2,2,0,0,1,0,0,0,75.0,0,0,0,BB,PRT,Groups,A,A,Non Refund,Transient
29265,3,45,1,0,4,2,0,0,0,0,1,0,62.0,0,0,1,BB,IRL,Online TA,A,A,No Deposit,Transient
48636,101,15,6,0,3,2,0,0,0,0,0,0,90.3,0,1,0,BB,AUS,Online TA,A,A,No Deposit,Transient
67109,189,18,5,1,2,2,0,0,0,0,0,0,100.0,0,0,0,BB,PRT,Groups,A,A,No Deposit,Transient-Party
97025,11,10,6,1,0,2,0,0,0,1,0,0,108.0,0,2,0,BB,GBR,Online TA,A,A,No Deposit,Transient
109795,7,17,26,0,2,1,0,0,0,0,0,0,67.0,1,0,0,BB,PRT,Corporate,A,A,No Deposit,Transient
65565,166,15,14,0,2,2,0,0,0,0,2,0,114.0,0,1,0,SC,PRT,Online TA,A,A,No Deposit,Transient
14360,275,41,4,2,0,2,0,0,26,0,0,0,50.0,0,0,1,HB,PRT,Offline TA/TO,A,A,Non Refund,Transient
10564,112,11,15,0,3,1,0,0,0,0,0,0,40.0,0,0,1,BB,PRT,Corporate,A,A,No Deposit,Transient-Party
114351,205,26,27,0,3,2,0,0,0,0,0,0,117.0,0,1,0,BB,NLD,Online TA,A,A,No Deposit,Transient
2601,119,43,23,2,3,2,0,0,0,0,0,0,44.5,0,1,1,BB,GBR,Offline TA/TO,A,C,No Deposit,Contract
99334,70,43,18,0,2,2,0,0,0,0,0,0,97.2,0,2,0,SC,CHN,Online TA,A,A,No Deposit,Transient
108833,3,14,8,2,2,2,0,0,0,0,0,0,150.0,0,2,0,SC,ESP,Online TA,A,A,No Deposit,Transient
96171,61,36,1,2,5,2,0,0,0,0,0,0,95.66,0,1,0,SC,RUS,Online TA,A,A,No Deposit,Transient
78044,4,42,12,1,0,1,0,0,0,0,0,0,65.0,0,0,0,BB,PRT,Corporate,A,A,No Deposit,Transient
56344,317,38,15,0,2,2,0,0,0,0,0,0,120.0,0,0,0,BB,PRT,Offline TA/TO,A,A,Non Refund,Transient
16313,221,41,10,1,1,2,0,0,1,0,0,0,34.0,0,0,1,HB,PRT,Offline TA/TO,A,A,No Deposit,Transient
63415,134,8,25,0,1,1,0,0,0,0,0,0,75.0,0,0,0,BB,PRT,Groups,A,A,No Deposit,Transient-Party
52068,26,24,8,0,1,2,0,0,0,0,0,0,120.0,0,0,0,BB,PRT,Offline TA/TO,A,A,No Deposit,Transient-Party
107654,116,12,24,0,2,1,0,0,0,0,0,0,90.0,0,0,0,BB,FRA,Groups,A,A,No Deposit,Transient-Party
66394,88,17,26,0,3,2,0,0,0,0,0,0,140.0,0,0,0,BB,PRT,Groups,A,A,Non Refund,Transient
59333,304,45,3,0,3,2,0,0,0,0,0,0,89.0,0,0,0,BB,PRT,Offline TA/TO,A,A,Non Refund,Transient
20497,2,7,12,0,2,2,0,0,0,0,0,0,95.0,0,0,1,HB,PRT,Direct,D,D,No Deposit,Transient
52014,56,24,8,0,1,2,0,0,0,0,0,0,120.0,0,0,0,BB,PRT,Offline TA/TO,A,A,No Deposit,Transient-Party
118116,115,34,20,2,3,1,0,0,0,0,1,0,125.0,0,0,0,BB,DEU,Offline TA/TO,A,A,No Deposit,Transient-Party
96480,240,37,10,1,1,2,0,0,0,0,0,0,96.0,0,1,0,HB,ITA,Groups,A,A,No Deposit,Transient-Party
57242,315,40,30,1,2,2,0,0,0,0,0,69,160.0,0,0,0,HB,PRT,Offline TA/TO,A,A,Non Refund,Transient
37934,104,28,11,1,5,2,0,0,0,0,0,0,203.0,0,1,1,BB,DEU,Online TA,D,D,No Deposit,Transient
93896,149,31,26,2,8,2,0,0,0,0,0,0,90.95,0,1,0,BB,BEL,Direct,A,A,No Deposit,Transient
62010,38,2,14,0,1,1,0,0,0,0,0,0,75.0,0,0,0,BB,PRT,Corporate,A,A,Non Refund,Transient
88065,1,19,6,1,2,1,0,0,0,0,1,0,105.0,0,0,0,BB,PRT,Corporate,A,A,No Deposit,Transient
59989,50,46,12,2,2,2,0,0,0,0,0,0,85.75,0,0,0,BB,PRT,Direct,A,A,No Deposit,Transient
93411,34,31,29,0,1,2,1,0,0,0,0,0,152.1,0,0,0,BB,PRT,Online TA,A,D,No Deposit,Transient
55823,420,36,3,2,2,2,0,0,0,0,0,0,75.0,0,0,0,BB,PRT,Groups,A,A,Non Refund,Transient
65199,191,14,6,2,3,2,0,0,0,0,0,0,88.4,0,0,0,BB,PRT,Online TA,A,A,No Deposit,Transient
115998,243,29,20,0,3,2,0,0,0,0,0,0,65.18,0,0,0,SC,GBR,Online TA,A,A,No Deposit,Transient
69924,129,24,17,2,1,2,0,0,0,0,0,0,99.0,0,0,0,SC,NLD,Online TA,A,A,No Deposit,Transient
62480,61,4,25,0,2,2,0,0,0,0,0,0,80.0,0,0,0,BB,PRT,Groups,A,A,Non Refund,Transient
29888,116,47,18,0,2,1,0,0,0,0,0,0,39.8,0,2,1,BB,IRL,Online TA,A,D,No Deposit,Transient
113426,423,24,14,0,3,2,0,0,0,0,0,0,112.67,0,1,0,BB,AUS,Groups,A,A,No Deposit,Transient-Party
11714,313,21,27,2,5,2,0,0,0,0,0,0,59.79,0,1,1,BB,GBR,Online TA,A,A,No Deposit,Transient
1670,12,37,8,2,5,2,0,0,0,0,0,0,133.0,1,0,1,BB,PRT,Direct,F,G,No Deposit,Transient
41964,61,36,5,2,2,2,0,0,0,0,0,0,62.0,0,0,0,BB,PRT,Groups,A,A,No Deposit,Transient-Party
31516,58,2,11,0,3,2,0,0,0,0,0,0,82.0,0,2,1,HB,ESP,Online TA,D,D,No Deposit,Transient
28752,9,44,23,0,0,2,0,0,0,0,5,0,0.0,0,1,1,BB,PRT,Groups,A,G,No Deposit,Transient-Party
35253,105,17,27,0,3,2,0,0,0,0,0,0,108.33,0,1,1,BB,ESP,Online TA,E,E,No Deposit,Transient
44997,100,44,31,1,1,1,0,0,0,0,0,0,60.0,0,0,0,BB,PRT,Groups,A,A,No Deposit,Transient-Party
22649,5,15,9,2,5,2,0,0,0,0,0,0,99.5,0,0,1,Undefined,GBR,Offline TA/TO,D,D,No Deposit,Contract
89211,5,22,24,0,2,1,0,0,0,0,1,0,100.0,0,0,0,BB,OTHER,Corporate,A,A,No Deposit,Transient-Party
8382,56,40,26,1,3,1,2,0,0,0,0,0,169.0,0,0,1,BB,IRL,Online TA,G,G,No Deposit,Transient
36709,0,23,9,0,1,1,0,0,0,0,0,0,127.0,0,0,1,BB,PRT,Direct,A,A,No Deposit,Transient
35161,0,19,8,0,0,2,0,0,0,0,0,0,0.0,0,0,1,BB,PRT,Direct,G,G,No Deposit,Transient
54782,405,33,10,0,2,2,0,0,0,0,0,0,65.0,0,0,0,BB,PRT,Groups,A,A,Non Refund,Transient
43298,86,39,24,0,2,1,0,0,0,0,1,0,87.5,0,0,0,BB,FRA,Offline TA/TO,A,A,No Deposit,Transient-Party
7256,186,32,31,2,5,2,0,0,0,0,0,0,167.4,0,0,1,FB,PRT,Offline TA/TO,E,E,No Deposit,Transient
73136,158,35,29,0,5,1,0,0,0,0,0,0,88.96,0,0,0,SC,PRT,Online TA,A,A,No Deposit,Transient
13718,152,35,28,1,3,2,0,0,0,0,0,0,141.0,0,0,1,BB,PRT,Offline TA/TO,D,D,No Deposit,Transient
105744,18,8,23,0,1,3,0,0,0,0,0,0,158.0,0,0,0,BB,USA,Online TA,D,D,No Deposit,Transient
5975,40,21,18,0,2,1,0,0,0,0,0,0,55.0,0,0,1,BB,PRT,Groups,A,A,Non Refund,Transient
71445,172,29,16,2,2,1,0,0,0,0,0,0,98.1,0,0,0,BB,PRT,Online TA,A,A,No Deposit,Transient
55857,0,37,4,2,0,3,0,0,0,0,0,0,187.5,0,0,0,BB,DEU,Direct,D,D,No Deposit,Transient
8250,244,39,20,2,5,2,2,0,0,0,0,0,135.0,0,2,1,BB,PRT,Online TA,G,G,No Deposit,Transient
114045,54,25,24,1,1,2,0,0,0,0,0,0,120.0,0,1,0,SC,DEU,Online TA,A,A,No Deposit,Transient
3709,114,53,31,0,2,2,0,0,0,0,0,0,95.85,0,0,1,BB,PRT,Direct,E,E,No Deposit,Transient
45313,89,48,23,1,2,2,0,0,0,0,0,0,72.25,0,2,0,BB,PRT,Online TA,A,A,No Deposit,Contract
1218,16,34,19,0,4,2,0,0,0,0,1,0,192.0,0,2,1,BB,IRL,Direct,D,D,No Deposit,Transient
3455,149,51,13,6,13,1,0,0,0,0,0,0,31.12,0,2,1,BB,PRT,Online TA,A,A,No Deposit,Transient
95191,21,34,19,2,3,3,0,0,0,0,1,0,194.8,0,0,0,HB,MAR,Online TA,A,A,No Deposit,Transient
38007,316,27,6,4,10,2,0,0,0,0,0,0,145.1,0,3,1,BB,NOR,Online TA,D,D,No Deposit,Transient
10252,22,8,23,0,2,2,0,0,0,0,0,0,46.0,0,0,1,Undefined,PRT,Groups,A,D,No Deposit,Transient-Party
40672,0,33,13,1,3,2,0,0,0,0,0,0,146.0,0,1,0,BB,PRT,Online TA,A,A,No Deposit,Contract
34151,77,13,26,2,3,2,0,0,0,0,0,0,95.2,0,3,1,HB,POL,Online TA,D,D,No Deposit,Transient
62955,67,7,12,2,0,2,0,0,0,0,0,0,80.0,0,0,0,BB,PRT,Groups,A,A,Non Refund,Transient
68166,165,20,19,2,2,2,0,0,0,0,0,0,225.0,0,0,0,BB,PRT,Groups,A,A,Non Refund,Transient
104850,18,6,6,1,2,2,0,1,0,0,1,0,77.0,0,1,0,BB,FRA,Direct,A,A,No Deposit,Transient
28326,162,41,4,2,5,2,0,0,0,0,2,0,87.86,0,1,1,BB,IRL,Online TA,E,E,No Deposit,Transient
7994,211,37,7,0,3,1,0,0,0,0,0,0,89.0,0,0,1,BB,PRT,Groups,D,D,Non Refund,Transient
70629,91,26,28,0,4,2,0,0,0,0,0,0,120.0,0,0,0,SC,GBR,Online TA,A,A,No Deposit,Transient
59969,138,46,12,0,1,1,0,0,0,0,0,0,79.2,0,1,0,SC,BRA,Online TA,A,A,No Deposit,Transient
84300,5,10,1,0,3,1,0,0,0,0,0,0,51.0,0,0,0,BB,PRT,Groups,A,B,No Deposit,Transient-Party
12555,164,27,5,0,4,2,0,0,0,0,0,0,142.0,0,0,1,HB,ESP,Online TA,A,A,No Deposit,Transient
78262,14,42,15,0,2,1,0,0,0,0,0,0,100.0,0,0,0,BB,OTHER,Offline TA/TO,A,A,No Deposit,Transient-Party
52497,188,25,15,0,2,1,0,0,0,0,0,39,130.0,0,0,0,BB,PRT,Offline TA/TO,A,A,Non Refund,Transient
73668,363,42,15,0,2,2,0,0,1,0,0,0,62.0,0,0,0,BB,PRT,Groups,A,A,Non Refund,Contract
65760,128,16,16,2,1,2,0,0,0,0,0,0,100.0,0,0,0,BB,PRT,Groups,A,A,Non Refund,Transient
69849,39,24,16,0,2,1,0,0,0,0,0,0,140.0,0,1,0,SC,IRL,Online TA,A,A,No Deposit,Transient
48453,67,15,3,2,1,2,0,0,0,0,0,0,85.5,0,0,0,SC,GBR,Online TA,A,A,No Deposit,Transient
50345,91,20,10,0,2,2,0,0,0,0,0,0,75.0,0,0,0,BB,PRT,Offline TA/TO,A,A,No Deposit,Transient-Party
32194,0,5,31,0,1,1,0,0,0,0,0,0,43.0,0,0,1,BB,PRT,Online TA,A,D,No Deposit,Transient
17597,153,44,29,0,3,2,0,0,0,0,0,0,42.0,1,0,1,BB,PRT,Groups,A,A,No Deposit,Transient
31113,31,53,30,0,2,2,0,0,0,0,0,0,305.0,0,1,1,HB,PRT,Groups,A,A,No Deposit,Transient-Party
98943,185,42,10,1,3,2,0,0,0,0,0,0,113.4,0,2,0,BB,NLD,Online TA,A,A,No Deposit,Transient
116307,67,30,24,1,3,2,0,0,0,0,0,0,112.05,0,1,0,BB,ESP,Direct,A,A,No Deposit,Transient
34604,22,15,10,1,2,2,0,0,0,0,0,0,120.67,1,1,1,HB,ESP,Online TA,A,A,No Deposit,Transient-Party
71937,120,30,29,0,1,3,0,0,0,0,3,0,195.0,0,1,0,BB,PRT,Online TA,D,D,No Deposit,Transient
106790,66,10,10,1,2,2,0,0,0,0,0,0,80.0,0,1,0,BB,FRA,Groups,A,A,No Deposit,Transient-Party
15797,41,34,19,0,2,3,0,0,0,0,2,0,219.3,0,2,1,BB,USA,Online TA,A,F,No Deposit,Transient
59959,54,46,11,1,2,2,0,0,0,0,0,0,79.2,0,0,0,SC,ESP,Online TA,A,A,No Deposit,Transient
64397,52,12,20,1,4,2,0,0,0,0,2,0,92.88,0,0,0,BB,GBR,Online TA,A,A,No Deposit,Transient
83125,59,6,6,2,2,2,0,0,0,0,0,0,62.0,0,0,0,BB,AUT,Groups,A,A,No Deposit,Transient-Party
61324,113,53,27,0,3,2,0,0,0,0,0,0,114.9,0,0,0,BB,NLD,Online TA,D,D,No Deposit,Transient
83125,59,6,6,2,2,2,0,0,0,0,0,0,62.0,0,0,0,BB,AUT,Groups,A,A,No Deposit,Transient-Party
4022,140,7,12,0,2,2,0,0,0,0,0,0,50.0,0,0,1,HB,PRT,Groups,A,A,Non Refund,Transient
49755,160,18,27,2,4,2,0,0,0,0,0,71,90.0,0,0,0,BB,PRT,Offline TA/TO,A,A,Non Refund,Transient
87177,6,18,24,1,0,3,0,0,0,0,0,0,146.0,1,2,0,BB,FRA,Online TA,D,D,No Deposit,Transient
105998,3,9,27,1,0,1,0,0,0,0,0,0,62.4,0,0,0,SC,USA,Online TA,A,A,No Deposit,Transient
83176,19,7,7,2,1,2,0,0,0,0,0,0,82.8,0,2,0,BB,ESP,Online TA,D,D,No Deposit,Transient
91558,228,27,26,2,3,2,0,0,0,0,0,0,77.23,0,1,0,BB,GBR,Online TA,A,A,No Deposit,Transient
9441,214,49,30,0,3,2,0,0,0,0,0,0,54.0,0,0,1,BB,LUX,Online TA,A,A,No Deposit,Transient
52187,282,24,9,0,3,2,0,0,0,0,0,48,73.33,0,1,0,BB,FRA,Groups,A,A,No Deposit,Transient-Party
86021,67,15,3,2,1,2,0,0,0,0,0,0,109.8,0,1,0,BB,CHE,Online TA,D,D,No Deposit,Transient
47738,393,12,19,2,1,2,0,0,0,0,0,0,70.53,0,0,0,BB,PRT,Groups,A,A,Non Refund,Transient
81829,108,12,18,0,2,2,0,0,1,0,0,0,80.0,0,0,0,BB,PRT,Offline TA/TO,A,A,Non Refund,Transient
10992,70,15,14,1,2,2,0,0,0,0,0,0,91.67,0,1,1,BB,BEL,Online TA,D,D,No Deposit,Transient
37871,126,28,12,0,3,2,0,0,0,0,0,0,120.0,0,1,1,BB,IRL,Online TA,A,A,No Deposit,Transient
84972,108,12,13,2,2,2,0,0,0,0,0,0,59.37,0,0,0,BB,PRT,Online TA,A,A,No Deposit,Transient
73663,356,41,8,0,2,2,0,0,1,0,0,0,62.0,0,0,0,BB,PRT,Groups,A,A,Non Refund,Contract
41978,55,37,6,2,0,1,0,0,0,0,1,0,75.0,0,0,0,BB,FRA,Groups,A,D,No Deposit,Transient-Party
96647,63,38,12,1,1,2,0,0,0,0,0,0,125.1,0,2,0,SC,FRA,Online TA,A,A,No Deposit,Transient
94759,0,34,17,0,1,2,1,0,0,0,1,0,146.0,0,2,0,BB,FRA,Offline TA/TO,A,D,No Deposit,Transient
99856,32,44,25,0,3,2,0,0,0,0,0,0,85.0,0,1,0,BB,FRA,Offline TA/TO,A,A,No Deposit,Transient
32038,121,4,22,2,5,2,0,0,0,0,0,0,72.0,0,0,1,HB,GBR,Groups,E,E,No Deposit,Transient-Party
67243,91,18,6,2,5,2,0,0,0,0,0,0,164.57,0,0,0,BB,DEU,Online TA,E,E,No Deposit,Transient
55209,164,34,19,2,3,2,0,0,0,0,1,0,133.45,0,0,0,HB,POL,Online TA,A,A,No Deposit,Transient
102660,53,51,15,0,3,2,0,0,0,0,0,0,79.2,0,0,0,SC,FRA,Online TA,A,A,No Deposit,Transient
5308,138,18,25,1,2,2,0,0,0,0,0,0,65.0,0,0,1,BB,PRT,Groups,E,E,Non Refund,Transient
93420,0,31,28,0,2,2,0,0,0,0,1,0,139.0,0,0,0,BB,ESP,Direct,A,A,No Deposit,Transient
113449,39,24,13,0,4,1,0,0,0,0,2,0,80.0,0,0,0,BB,PRT,Groups,A,A,No Deposit,Transient-Party
103056,83,53,26,1,2,2,0,0,0,0,0,0,102.6,0,1,0,BB,ESP,Online TA,D,D,No Deposit,Transient
83567,99,8,19,0,1,1,0,0,0,0,0,0,81.0,0,0,0,BB,PRT,Corporate,A,E,No Deposit,Transient-Party
97964,64,40,28,0,3,2,0,0,0,0,0,0,101.52,0,0,0,BB,PRT,Offline TA/TO,A,A,No Deposit,Transient
2544,118,43,21,2,4,2,1,0,0,0,0,0,45.55,0,2,1,BB,PRT,Online TA,A,A,No Deposit,Transient
102545,9,51,13,0,1,1,0,0,0,0,0,0,88.0,0,2,0,BB,ESP,Direct,A,A,No Deposit,Transient
100301,87,45,31,1,2,2,0,0,0,0,0,0,69.53,0,2,0,BB,BEL,Online TA,A,A,No Deposit,Transient
66308,156,17,26,0,3,2,0,0,0,0,0,0,100.0,0,0,0,BB,PRT,Groups,A,A,Non Refund,Transient
27713,15,39,21,0,2,1,0,0,0,0,0,0,140.0,1,0,1,BB,PRT,Online TA,D,D,No Deposit,Transient
68405,423,21,23,0,1,2,0,0,0,0,0,0,90.0,0,0,0,BB,PRT,Groups,A,A,Non Refund,Transient
28562,14,43,18,0,1,1,0,0,0,0,0,0,0.0,0,0,1,HB,PRT,Groups,A,A,No Deposit,Transient
114510,126,26,29,1,3,3,0,0,0,0,0,0,157.05,0,0,0,BB,DEU,Online TA,D,D,No Deposit,Transient
36407,203,21,25,2,5,2,0,0,0,0,1,0,59.71,0,0,1,BB,GBR,Groups,A,A,No Deposit,Transient-Party
43334,56,39,25,2,2,2,0,0,0,0,0,0,185.0,0,0,0,BB,PRT,Offline TA/TO,A,F,No Deposit,Transient-Party
8373,71,40,25,2,1,1,0,0,0,0,0,0,90.33,0,0,1,BB,FRA,Online TA,A,A,No Deposit,Transient
78979,12,44,25,2,1,2,0,0,0,0,0,0,85.67,0,0,0,BB,PRT,Groups,A,A,No Deposit,Transient-Party
62560,14,5,29,6,12,2,0,0,0,0,0,0,74.8,0,0,0,SC,AGO,Online TA,A,A,No Deposit,Transient
68228,420,20,20,2,1,2,0,0,0,0,0,0,90.0,0,0,0,BB,PRT,Groups,A,A,Non Refund,Transient
24920,192,24,11,4,10,2,0,0,0,0,1,0,51.85,0,0,1,BB,GBR,Offline TA/TO,A,A,No Deposit,Contract
88479,12,21,16,1,0,2,1,0,0,0,0,0,129.5,0,2,0,BB,PRT,Online TA,A,B,No Deposit,Transient
47840,46,13,21,1,3,3,0,0,0,0,0,0,124.1,0,1,0,BB,DNK,Online TA,D,E,No Deposit,Transient
102090,16,49,2,0,2,2,0,0,0,0,0,0,91.5,0,1,0,SC,DEU,Online TA,A,D,No Deposit,Transient
86862,70,17,17,2,1,2,0,0,0,0,0,0,99.3,0,0,0,BB,PRT,Online TA,A,A,No Deposit,Transient
84159,0,10,2,0,1,1,0,0,0,0,0,0,89.0,0,0,0,SC,ESP,Online TA,A,A,No Deposit,Transient
74661,292,32,5,0,2,2,0,0,1,0,0,0,62.0,0,0,0,BB,PRT,Groups,A,A,Non Refund,Transient-Party
80924,21,50,10,0,2,2,0,0,0,0,0,0,70.0,0,0,0,BB,ARG,Offline TA/TO,A,A,No Deposit,Transient
111257,201,20,14,2,2,2,0,0,0,0,0,0,125.1,0,5,0,BB,GBR,Online TA,A,A,No Deposit,Transient
41485,3,35,29,0,1,2,2,0,0,0,0,0,156.0,0,0,0,BB,GBR,Online TA,F,F,No Deposit,Contract
64186,37,11,15,0,2,2,0,0,0,0,0,0,110.0,0,0,0,BB,PRT,Groups,A,A,Non Refund,Transient
111545,2,20,18,0,3,2,0,0,0,0,0,0,160.0,0,0,0,SC,PRT,Online TA,A,A,No Deposit,Transient
74983,355,41,7,0,2,2,0,0,1,0,0,0,62.0,0,0,0,BB,PRT,Groups,A,A,Non Refund,Transient-Party
4258,119,9,27,2,6,1,0,0,0,0,0,0,35.1,0,0,1,BB,PRT,Online TA,A,A,No Deposit,Transient
25115,60,27,30,0,3,2,0,0,0,0,0,0,218.33,1,0,1,BB,BRA,Online TA,G,G,No Deposit,Transient
23656,7,20,11,0,1,2,0,0,0,0,0,0,70.0,0,0,1,BB,GBR,Direct,A,C,No Deposit,Transient-Party
112190,185,21,25,1,3,2,0,0,0,0,0,0,138.83,0,1,0,BB,NLD,Online TA,D,D,No Deposit,Transient
75907,358,41,10,1,1,2,0,0,1,0,0,0,62.0,0,0,0,BB,PRT,Groups,A,A,Non Refund,Transient
64626,278,12,25,2,1,2,0,0,0,0,0,0,90.0,0,0,0,BB,PRT,Offline TA/TO,A,A,Non Refund,Transient
57626,83,41,6,1,3,1,0,0,0,0,0,0,132.3,0,0,0,BB,DEU,Online TA,D,D,No Deposit,Transient
61282,124,53,26,1,3,2,1,0,0,0,0,0,105.61,0,2,0,BB,FRA,Online TA,D,D,No Deposit,Transient
60749,113,50,6,0,4,2,0,0,0,0,0,0,117.3,0,3,0,HB,ESP,Online TA,A,A,No Deposit,Transient
34092,226,12,25,2,2,1,0,0,0,0,0,0,28.64,0,0,1,BB,IRL,Online TA,A,C,No Deposit,Transient-Party
27364,187,37,9,1,2,2,0,0,0,0,0,0,146.0,0,0,1,BB,ROU,Online TA,D,D,No Deposit,Transient
111819,54,21,21,2,2,2,0,0,0,0,0,0,228.0,0,1,0,HB,FRA,Online TA,D,D,No Deposit,Transient
102207,102,50,6,0,1,3,0,0,0,0,0,0,126.0,0,0,0,BB,ITA,Online TA,D,D,No Deposit,Transient
110844,33,19,8,1,2,1,0,0,0,0,2,0,130.0,0,1,0,BB,GBR,Groups,A,A,No Deposit,Transient-Party
43608,30,40,30,0,2,2,0,0,0,0,0,0,121.0,0,0,0,HB,PRT,Offline TA/TO,A,A,Non Refund,Transient
56975,418,40,26,1,2,2,0,0,0,0,0,223,107.0,0,0,0,HB,DEU,Offline TA/TO,A,D,No Deposit,Transient-Party
77426,17,39,26,2,2,1,0,0,0,0,1,0,170.0,0,0,0,BB,FRA,Groups,A,A,No Deposit,Transient-Party
5029,27,16,14,0,1,2,0,0,0,0,0,0,65.0,0,0,1,BB,PRT,Online TA,A,A,No Deposit,Transient
78755,12,43,20,0,4,2,0,0,0,0,0,0,146.0,0,1,0,BB,GBR,Direct,E,E,No Deposit,Group
87806,79,18,30,2,3,2,0,0,0,0,0,0,105.0,0,0,0,HB,PRT,Offline TA/TO,A,D,No Deposit,Transient
86586,93,16,12,0,3,2,0,0,0,0,0,0,96.3,0,3,0,BB,FRA,Online TA,A,A,No Deposit,Transient-Party
58886,199,44,28,0,2,2,0,0,0,0,0,0,95.0,0,0,0,BB,PRT,Groups,A,A,No Deposit,Transient-Party
95745,208,36,29,1,2,2,0,0,0,0,0,0,90.95,0,2,0,BB,CN,Offline TA/TO,D,D,No Deposit,Transient
49065,14,16,15,0,2,2,0,0,0,0,0,0,142.0,0,0,0,BB,ITA,Online TA,D,D,No Deposit,Transient
60976,524,51,15,0,2,2,0,0,0,0,0,0,62.8,0,0,0,BB,PRT,Groups,A,A,Non Refund,Transient
36651,183,23,7,0,1,1,0,0,0,0,0,0,95.0,0,0,1,BB,DNK,Offline TA/TO,E,E,No Deposit,Transient-Party
96802,1,38,14,0,2,1,0,0,0,0,0,0,90.0,0,0,0,BB,ESP,Direct,A,A,No Deposit,Transient
44627,68,42,17,2,4,2,0,0,0,0,0,0,65.29,0,1,0,BB,AUT,Online TA,A,A,No Deposit,Transient
3383,45,49,5,2,1,2,0,0,0,0,0,0,68.0,0,0,1,Undefined,PRT,Groups,A,A,No Deposit,Transient-Party
27564,145,38,15,0,3,2,0,0,0,0,0,0,131.0,0,1,1,BB,USA,Online TA,A,D,No Deposit,Transient
31101,10,53,31,0,1,2,2,0,0,0,0,0,180.0,0,0,1,BB,USA,Online TA,G,G,No Deposit,Transient
67705,104,20,15,1,2,1,0,0,0,0,0,0,160.0,0,0,0,BB,PRT,Groups,A,A,Non Refund,Transient
103910,8,2,13,1,2,2,1,0,0,0,0,0,118.0,0,2,0,BB,FRA,Online TA,A,A,No Deposit,Transient
96325,38,37,7,0,3,2,0,0,0,0,0,0,136.8,0,1,0,BB,ISR,Online TA,D,D,No Deposit,Transient
98802,4,42,10,1,2,1,0,0,0,0,0,0,159.0,0,0,0,BB,ESP,Corporate,A,A,No Deposit,Transient
96317,57,36,3,2,5,2,0,0,0,0,0,0,135.99,0,1,0,BB,AUS,Online TA,F,F,No Deposit,Transient
51772,13,23,2,0,3,2,0,0,0,0,0,0,152.67,0,0,0,BB,DNK,Online TA,D,D,No Deposit,Transient
86918,0,19,9,0,1,1,0,0,0,1,0,0,165.0,0,0,0,BB,DEU,Aviation,D,D,No Deposit,Transient
115390,414,28,13,0,2,1,0,0,0,0,1,0,95.5,0,0,0,HB,DEU,Groups,A,B,No Deposit,Transient-Party
6832,272,28,5,2,5,1,0,0,0,0,0,0,55.65,0,3,1,HB,GBR,Offline TA/TO,A,A,No Deposit,Contract
37007,73,24,15,1,3,2,0,0,0,0,0,0,170.0,0,1,1,BB,GBR,Online TA,E,E,No Deposit,Transient
107828,35,13,26,2,0,2,0,0,0,0,0,0,123.0,0,0,0,BB,PRT,Online TA,D,D,No Deposit,Transient
39945,16,30,25,2,1,1,0,0,0,0,2,0,63.0,0,0,0,HB,PRT,Groups,A,A,No Deposit,Transient-Party
86697,26,16,15,0,2,2,1,0,0,0,0,0,145.0,0,2,0,BB,FRA,Online TA,A,D,No Deposit,Transient
45703,11,52,25,1,2,2,0,0,0,0,0,0,80.41,0,0,0,BB,FRA,Online TA,B,B,No Deposit,Transient
22532,57,15,5,2,5,2,0,0,0,0,0,0,43.47,0,0,1,BB,IRL,Offline TA/TO,A,C,No Deposit,Transient
84371,30,10,4,0,2,2,0,0,0,0,1,0,116.3,0,1,0,BB,CHE,Online TA,D,D,No Deposit,Transient-Party
48136,72,13,26,1,1,2,0,0,0,0,0,0,96.0,0,0,0,HB,PRT,Groups,A,A,Non Refund,Transient
116405,36,30,28,0,1,2,1,0,0,0,0,0,144.0,0,1,0,BB,FRA,Online TA,A,D,No Deposit,Transient
19780,0,4,19,0,2,1,0,0,0,0,1,0,0.0,1,0,1,BB,PRT,Complementary,D,D,No Deposit,Transient
12471,303,26,1,3,6,2,0,0,0,0,0,0,108.1,0,3,1,BB,IRL,Online TA,D,D,No Deposit,Transient
38219,210,30,24,1,2,2,0,0,0,0,0,0,183.75,0,1,1,HB,HUN,Online TA,A,A,No Deposit,Transient-Party
69185,41,23,4,2,2,2,0,0,0,0,0,0,135.0,0,1,0,SC,CHN,Online TA,A,A,No Deposit,Transient
76761,256,38,14,1,2,2,0,0,0,0,0,0,76.67,0,0,0,BB,PRT,Offline TA/TO,A,A,No Deposit,Transient-Party
43470,88,39,26,2,2,2,0,0,0,0,0,0,170.0,0,0,0,BB,PRT,Groups,A,A,Non Refund,Transient
103146,0,40,2,0,1,2,0,0,0,0,0,0,0.0,0,1,0,BB,PRT,Complementary,E,E,No Deposit,Transient
54818,156,33,11,0,1,1,0,0,0,0,0,0,108.9,0,0,0,BB,FRA,Online TA,A,A,No Deposit,Transient
16948,88,41,5,1,4,2,0,0,0,0,1,0,6.0,1,0,1,BB,CN,Complementary,A,C,No Deposit,Transient
75724,221,40,3,2,1,2,0,0,1,0,0,0,86.0,0,0,0,HB,PRT,Groups,A,A,Non Refund,Transient-Party
78448,15,42,15,2,3,2,0,0,0,0,0,0,142.6,1,1,0,BB,PRT,Online TA,A,A,No Deposit,Contract
15868,78,33,11,3,10,2,0,0,0,0,0,0,134.0,1,1,1,BB,FRA,Online TA,A,A,No Deposit,Transient
32339,80,5,4,1,1,2,0,0,0,0,0,0,63.65,0,1,1,BB,CHN,Online TA,F,F,No Deposit,Transient-Party
85340,78,13,22,0,2,2,0,0,0,0,0,0,69.7,0,0,0,BB,GBR,Offline TA/TO,D,D,No Deposit,Transient
194,21,28,7,0,3,2,1,0,0,0,0,0,185.5,0,1,1,HB,PRT,Direct,F,F,No Deposit,Transient
25212,173,27,27,3,7,2,0,0,0,0,0,0,60.82,0,1,1,BB,GBR,Offline TA/TO,A,A,No Deposit,Transient
18962,1,51,18,0,1,2,0,0,0,0,0,0,48.0,0,2,1,BB,FRA,Online TA,D,D,No Deposit,Transient
39034,32,33,13,2,5,2,1,0,0,0,0,0,202.5,0,3,1,BB,ROU,Offline TA/TO,E,E,No Deposit,Transient
49288,103,17,19,0,2,1,0,0,0,0,0,0,115.0,0,0,0,BB,PRT,Offline TA/TO,A,A,Non Refund,Transient
1613,32,37,6,1,0,2,0,0,0,0,1,0,149.0,0,0,1,HB,PRT,Offline TA/TO,A,A,No Deposit,Transient
50391,286,20,11,0,4,2,0,0,0,0,1,176,99.0,0,1,0,BB,AUT,Groups,A,A,No Deposit,Transient-Party
8878,386,43,18,0,3,2,0,0,0,0,0,0,50.4,0,2,1,BB,PRT,Direct,A,A,No Deposit,Transient
80254,5,22,24,0,1,1,0,0,1,4,0,0,67.0,1,0,0,BB,PRT,Corporate,A,A,No Deposit,Transient
11872,16,22,3,0,1,1,0,0,0,0,0,0,128.0,0,0,1,HB,DEU,Online TA,A,A,No Deposit,Transient
63915,241,10,9,0,3,2,0,0,0,0,0,0,79.2,0,0,0,SC,DEU,Online TA,A,A,No Deposit,Transient
69176,352,23,4,2,2,2,0,0,0,0,0,0,75.0,0,0,0,BB,PRT,Offline TA/TO,A,A,No Deposit,Transient-Party
97693,5,40,26,1,0,2,0,0,0,0,0,0,84.0,0,0,0,BB,PRT,Corporate,A,D,No Deposit,Transient
39439,1,35,28,1,3,2,0,0,0,0,1,0,212.5,0,3,1,BB,ESP,Online TA,E,E,No Deposit,Transient
19741,25,3,10,4,6,1,0,0,0,0,1,0,39.0,0,2,1,BB,OTHER,Online TA,A,A,No Deposit,Transient
59467,305,45,4,1,2,2,0,0,0,0,0,0,89.0,0,0,0,BB,PRT,Offline TA/TO,A,A,Non Refund,Transient
88575,82,21,16,1,1,2,0,0,0,0,0,0,116.1,0,1,0,SC,FRA,Online TA,A,A,No Deposit,Transient-Party
13968,10,17,18,1,1,1,0,0,0,1,0,0,39.0,0,0,1,BB,PRT,Corporate,A,D,No Deposit,Transient
66193,182,17,23,2,2,2,0,0,0,0,0,0,99.0,0,2,0,SC,NLD,Online TA,A,A,No Deposit,Transient
78906,137,5,27,0,2,1,0,0,1,0,0,45,70.0,0,0,0,BB,PRT,Groups,A,A,Non Refund,Transient
99135,377,42,14,0,2,2,0,0,0,0,0,0,115.0,0,1,0,HB,DEU,Offline TA/TO,A,B,No Deposit,Transient-Party
74482,156,28,5,4,6,2,0,0,1,0,0,0,76.5,0,1,0,BB,PRT,Online TA,A,A,No Deposit,Transient
36106,110,21,21,2,2,3,0,0,0,0,0,0,104.94,0,1,1,BB,BEL,Online TA,E,D,No Deposit,Transient
4091,112,7,12,0,2,2,0,0,0,0,0,0,68.0,0,0,1,FB,PRT,Groups,A,A,No Deposit,Transient-Party
86057,55,15,6,0,1,2,0,0,0,0,0,0,104.0,0,0,0,HB,PRT,Offline TA/TO,A,A,No Deposit,Transient-Party
113922,30,25,21,0,3,2,0,0,0,0,1,0,206.67,1,1,0,BB,CHE,Online TA,E,E,No Deposit,Transient
44824,69,44,25,2,1,2,0,0,0,0,0,58,85.67,0,0,0,BB,PRT,Groups,A,D,No Deposit,Transient-Party
27144,27,36,1,0,3,2,0,0,0,0,0,0,191.0,0,1,1,BB,FRA,Online TA,A,A,No Deposit,Transient
14238,399,52,22,0,1,2,0,0,1,0,0,0,36.0,0,0,1,BB,PRT,Online TA,A,A,No Deposit,Transient
21736,0,12,18,0,2,2,0,0,0,0,0,0,58.0,0,0,1,BB,DEU,Online TA,A,A,No Deposit,Transient
85266,5,12,19,2,1,2,0,0,0,0,0,0,93.33,0,0,0,BB,USA,Groups,A,A,No Deposit,Transient-Party
31991,0,4,27,0,1,1,0,0,0,0,1,0,48.0,0,0,1,BB,PRT,Direct,A,A,No Deposit,Transient
78686,444,49,1,0,3,1,0,0,1,0,0,39,75.0,0,0,0,BB,PRT,Offline TA/TO,A,A,Non Refund,Transient
4606,106,13,24,1,3,2,0,0,0,0,0,0,84.0,0,0,1,FB,PRT,Groups,A,A,Non Refund,Transient
108641,75,14,5,0,4,2,0,0,0,0,1,0,95.0,0,0,0,BB,NLD,Offline TA/TO,A,A,No Deposit,Transient-Party
102133,0,50,5,1,0,2,0,0,0,0,0,0,88.0,0,1,0,SC,ESP,Online TA,A,A,No Deposit,Transient
10333,49,9,28,0,2,2,0,0,0,0,1,0,35.0,0,0,1,BB,PRT,Groups,A,C,Non Refund,Transient
43905,88,41,5,1,1,2,0,0,0,0,0,77,112.2,0,0,0,HB,PRT,Offline TA/TO,A,D,No Deposit,Transient-Party
9560,210,51,13,8,20,2,0,0,0,0,0,0,47.57,0,0,1,BB,PRT,Online TA,E,E,No Deposit,Transient
13401,342,33,14,1,4,2,0,0,0,0,0,0,185.4,0,2,1,HB,PRT,Online TA,D,D,No Deposit,Transient
75428,301,33,14,0,2,2,0,0,1,0,0,0,101.5,0,0,0,HB,PRT,Offline TA/TO,A,A,Non Refund,Transient-Party
22941,35,17,22,1,2,2,1,0,0,0,2,0,58.0,0,0,1,BB,PRT,Corporate,A,D,No Deposit,Transient
6516,231,25,15,0,3,2,0,0,0,0,0,0,81.0,0,2,1,BB,IRL,Offline TA/TO,E,E,No Deposit,Transient
56832,59,39,24,1,1,3,0,0,0,0,0,0,168.3,0,0,0,BB,GBR,Online TA,D,D,No Deposit,Transient
49706,88,18,26,0,3,1,0,0,0,0,0,0,90.9,0,1,0,BB,DEU,Online TA,A,A,No Deposit,Transient
26803,85,34,19,2,4,2,2,0,0,0,0,0,271.0,0,0,1,BB,PRT,Online TA,G,G,No Deposit,Transient
66264,96,17,26,0,2,2,0,0,0,0,0,0,130.0,0,0,0,BB,PRT,Groups,A,A,Non Refund,Transient
109455,152,16,21,0,1,2,2,0,0,0,1,0,198.0,1,1,0,HB,NLD,Online TA,F,F,No Deposit,Transient
71858,10,30,27,2,3,2,0,0,0,0,0,0,171.6,0,2,0,BB,CHE,Online TA,D,D,No Deposit,Transient
110788,33,19,8,1,2,2,0,0,0,0,1,0,140.0,0,0,0,BB,GBR,Groups,A,A,No Deposit,Transient-Party
65814,285,16,17,1,3,2,1,0,0,0,0,0,126.0,0,1,0,BB,OTHER,Online TA,A,A,No Deposit,Transient
63415,134,8,25,0,1,1,0,0,0,0,0,0,75.0,0,0,0,BB,PRT,Groups,A,A,No Deposit,Transient-Party
74083,360,42,12,1,1,2,0,0,1,0,0,0,62.0,0,0,0,BB,PRT,Groups,A,A,Non Refund,Contract
6426,271,24,11,1,1,2,0,0,0,0,0,0,64.8,0,2,1,BB,PRT,Online TA,A,A,No Deposit,Transient
22158,15,14,27,2,2,2,0,0,0,0,0,0,66.5,0,0,1,BB,IRL,Direct,E,E,No Deposit,Transient
60964,181,51,14,0,2,2,0,0,0,0,0,0,124.2,0,0,0,HB,LUX,Online TA,A,A,No Deposit,Transient
4801,163,14,1,2,5,2,0,0,0,0,0,0,60.2,1,2,1,BB,CHE,Online TA,A,D,No Deposit,Transient
72642,36,33,16,0,1,2,0,0,0,0,1,0,100.0,0,0,0,BB,PRT,Online TA,A,A,No Deposit,Transient
64400,162,12,20,1,4,2,0,0,0,0,0,0,68.07,0,1,0,BB,PRT,Online TA,A,A,No Deposit,Transient
39023,94,33,13,2,5,2,0,0,0,0,0,0,167.0,0,0,1,HB,GBR,Offline TA/TO,D,D,No Deposit,Contract
77266,11,40,2,0,2,2,0,0,1,0,0,0,153.5,0,1,0,BB,PRT,Online TA,B,B,No Deposit,Contract
74864,323,36,5,1,1,2,0,0,1,0,0,0,62.0,0,0,0,BB,PRT,Groups,A,A,Non Refund,Transient-Party
98301,7,41,3,1,2,2,0,0,0,0,0,0,117.04,0,1,0,BB,NLD,Online TA,A,A,No Deposit,Transient
114681,299,27,4,0,1,2,0,0,0,0,0,0,99.0,0,1,0,SC,DEU,Online TA,A,A,No Deposit,Transient
73523,307,34,20,0,2,2,0,0,1,0,0,0,62.0,0,0,0,BB,PRT,Groups,A,A,Non Refund,Contract
54848,398,33,11,0,2,2,0,0,0,0,0,0,62.0,0,0,0,BB,PRT,Groups,A,A,Non Refund,Transient
27493,194,38,11,2,2,2,0,0,0,0,0,0,66.8,0,0,1,BB,CN,Offline TA/TO,A,A,No Deposit,Transient
27776,203,39,19,2,5,2,0,0,0,0,0,0,80.0,0,2,1,BB,OTHER,Online TA,A,A,No Deposit,Transient
89809,14,23,3,1,2,2,0,0,0,0,0,0,149.33,0,1,0,BB,GBR,Online TA,D,D,No Deposit,Transient
85408,131,13,20,2,3,2,0,0,0,0,0,0,59.5,0,0,0,BB,AUT,Offline TA/TO,A,A,No Deposit,Transient
51009,29,21,20,1,2,2,0,0,0,0,0,0,139.6,0,0,0,BB,FRA,Online TA,D,D,No Deposit,Transient
24381,45,23,30,1,5,2,0,0,0,0,1,0,115.0,1,2,1,BB,GBR,Online TA,A,F,No Deposit,Transient
53756,49,29,11,1,0,2,0,0,0,0,0,0,93.15,0,0,0,SC,CHN,Online TA,A,A,No Deposit,Transient
6268,7,23,1,0,1,1,0,0,0,0,0,0,57.0,0,0,1,BB,PRT,Corporate,A,A,No Deposit,Transient
82228,68,8,17,0,2,2,0,0,1,0,0,0,75.0,0,0,0,BB,PRT,Groups,A,A,Non Refund,Transient
107544,50,12,22,0,2,1,0,0,0,0,0,0,78.31,0,1,0,BB,GBR,Online TA,D,D,No Deposit,Transient
68117,69,20,19,1,2,2,0,0,0,0,0,0,89.1,0,0,0,BB,PRT,Offline TA/TO,A,A,No Deposit,Transient
39120,38,33,19,2,2,2,0,0,0,0,5,0,262.0,0,1,1,BB,FRA,Online TA,D,D,No Deposit,Transient
28324,158,41,7,2,2,2,0,0,0,0,0,0,81.24,0,2,1,HB,GBR,Online TA,D,E,No Deposit,Transient
6534,247,25,16,2,5,2,0,0,0,0,0,0,98.6,0,0,1,HB,GBR,Offline TA/TO,E,E,No Deposit,Transient
77570,0,40,2,0,2,1,0,0,0,0,2,0,145.0,0,0,0,BB,PRT,Direct,A,E,No Deposit,Transient-Party
94736,3,34,15,1,2,2,0,0,0,0,0,0,228.33,0,1,0,HB,ESP,Online TA,A,A,No Deposit,Transient
26475,47,53,31,1,1,3,0,0,0,1,1,0,315.38,0,2,1,BB,PRT,Direct,D,D,No Deposit,Transient
77200,2,39,23,0,2,1,0,0,0,0,0,0,72.2,0,0,0,BB,PRT,Online TA,A,A,No Deposit,Transient
64004,182,10,11,2,6,2,0,0,0,0,0,0,90.0,0,0,0,BB,PRT,Corporate,A,A,No Deposit,Transient-Party
73946,318,36,31,1,1,2,0,0,1,0,0,0,62.0,0,0,0,BB,PRT,Groups,A,A,Non Refund,Contract
13756,160,35,29,2,6,2,0,0,0,0,0,0,212.5,0,0,1,BB,CHE,Online TA,E,E,No Deposit,Transient
78938,12,44,25,2,1,2,0,0,0,0,0,0,85.67,0,0,0,BB,PRT,Groups,A,D,No Deposit,Transient-Party
116905,129,31,3,0,3,2,0,0,0,0,0,0,80.1,0,1,0,BB,ESP,Offline TA/TO,A,A,No Deposit,Transient
3510,67,52,21,1,5,2,0,0,0,0,0,0,58.5,0,0,1,HB,GBR,Offline TA/TO,A,A,No Deposit,Transient
3877,26,6,4,1,3,2,1,0,0,0,0,0,87.0,0,1,1,BB,PRT,Online TA,G,G,No Deposit,Transient
100599,40,46,6,2,0,2,1,0,0,0,0,0,134.0,0,0,0,BB,RUS,Offline TA/TO,A,A,No Deposit,Transient
17993,1,47,17,0,3,1,0,0,0,0,0,0,4.0,0,0,1,BB,GBR,Offline TA/TO,D,D,No Deposit,Transient
46837,44,8,17,0,3,2,0,0,0,0,0,3,75.0,0,0,0,BB,PRT,Offline TA/TO,A,A,Non Refund,Transient
109006,112,15,12,0,3,2,0,0,0,0,0,0,105.0,0,2,0,SC,ITA,Online TA,A,A,No Deposit,Transient-Party
46888,8,8,19,0,1,1,0,0,0,0,0,0,81.0,0,0,0,BB,PRT,Corporate,A,A,No Deposit,Transient-Party
99709,8,44,25,0,1,1,0,0,0,0,0,0,83.39,0,1,0,SC,FRA,Online TA,A,A,No Deposit,Transient
11785,46,22,31,1,4,2,0,0,0,0,0,0,172.0,0,1,1,HB,PRT,Online TA,A,A,No Deposit,Transient
45766,118,53,28,1,4,2,0,0,0,0,0,0,110.8,0,2,0,BB,ESP,Online TA,A,A,No Deposit,Transient
14098,45,31,3,0,3,3,0,0,1,0,0,0,233.92,0,0,1,BB,PRT,Direct,A,A,No Deposit,Transient
110045,107,17,28,1,2,2,0,0,0,0,0,0,99.0,0,2,0,BB,DEU,Direct,A,A,No Deposit,Transient
14268,259,38,17,0,3,2,0,0,1,0,0,0,40.05,0,0,1,BB,GBR,Groups,A,A,Non Refund,Transient
75730,147,30,21,0,2,2,0,0,1,0,0,0,75.0,0,0,0,BB,PRT,Groups,A,A,No Deposit,Transient
113369,92,24,15,0,1,2,0,0,0,0,0,0,89.1,0,0,0,BB,BEL,Offline TA/TO,A,A,No Deposit,Transient
25120,167,27,26,2,5,2,0,0,0,0,0,0,74.57,0,0,1,BB,IRL,Online TA,A,C,No Deposit,Transient-Party
45956,1,1,2,2,1,2,0,0,0,0,0,0,97.0,0,1,0,BB,ESP,Direct,A,A,No Deposit,Transient
29714,1,47,14,1,1,1,0,0,0,0,0,0,60.0,0,1,1,BB,CHN,Online TA,A,A,No Deposit,Transient
52309,69,25,12,2,4,1,0,0,0,0,0,0,120.0,0,0,0,BB,PRT,Offline TA/TO,A,A,Non Refund,Transient
86215,83,15,7,0,2,2,0,0,0,0,0,0,96.3,0,1,0,BB,DEU,Online TA,A,A,No Deposit,Transient
118164,148,34,21,1,4,3,0,0,0,0,0,0,142.2,0,1,0,BB,ESP,Online TA,E,E,No Deposit,Transient
77893,7,40,28,3,8,2,0,0,0,0,0,0,155.45,0,2,0,BB,OTHER,Online TA,A,A,No Deposit,Contract
98900,11,42,13,0,1,1,0,0,0,0,0,0,139.0,0,0,0,BB,AUT,Direct,A,A,No Deposit,Transient
11674,352,21,25,2,5,2,0,0,0,0,0,0,61.5,0,0,1,BB,PRT,Online TA,D,D,No Deposit,Transient
107551,27,12,19,2,3,2,0,0,0,0,0,0,76.23,0,0,0,BB,PRT,Online TA,D,D,No Deposit,Transient
59613,97,45,5,1,1,2,0,0,0,0,0,0,79.2,0,1,0,SC,GBR,Online TA,A,A,No Deposit,Transient
58947,264,44,28,1,2,2,0,0,0,0,0,0,96.3,0,0,0,BB,CHE,Online TA,A,A,No Deposit,Transient
103082,64,53,26,1,3,2,0,0,0,0,0,0,105.61,0,2,0,BB,FRA,Online TA,D,D,No Deposit,Transient
80612,1,49,3,0,1,1,0,0,0,0,0,0,69.0,0,1,0,BB,PRT,Direct,A,A,No Deposit,Transient
94995,79,34,18,0,3,3,0,0,0,0,0,0,198.3,0,1,0,BB,SWE,Direct,E,E,No Deposit,Transient
95930,0,36,2,0,1,1,0,0,0,0,0,0,150.0,0,0,0,BB,OTHER,Direct,B,B,No Deposit,Transient
111467,84,20,14,2,4,2,0,0,0,0,0,0,118.5,0,0,0,SC,FRA,Online TA,A,A,No Deposit,Transient
76369,8,34,16,2,2,2,0,0,0,0,0,0,90.0,0,0,0,BB,ESP,Online TA,A,A,No Deposit,Transient
10711,0,13,29,0,1,2,0,0,0,0,0,0,8.0,0,0,1,BB,PRT,Direct,A,A,No Deposit,Transient
39854,20,30,22,0,2,3,0,0,0,0,1,0,84.0,0,0,0,BB,PRT,Groups,A,A,No Deposit,Transient-Party
9160,96,45,31,2,5,2,0,0,0,0,0,0,46.8,0,0,1,BB,GBR,Online TA,D,D,No Deposit,Transient
87908,166,19,3,0,4,2,0,0,0,0,0,0,89.25,0,0,0,BB,PRT,Direct,A,A,No Deposit,Transient
40862,119,33,14,2,2,2,0,0,0,0,0,0,76.5,0,1,0,BB,BEL,Online TA,A,A,No Deposit,Transient
3094,74,47,16,1,3,2,0,0,0,0,0,0,76.0,0,2,1,BB,PRT,Online TA,D,D,No Deposit,Transient
104149,0,3,21,0,1,1,0,0,0,0,0,0,60.06,0,0,0,SC,OTHER,Online TA,A,A,No Deposit,Transient
109593,44,16,20,1,3,2,0,0,0,0,0,0,85.0,0,0,0,BB,DEU,Offline TA/TO,A,A,No Deposit,Transient-Party
17776,2,46,13,0,2,4,0,0,0,0,0,0,129.0,0,0,1,BB,PRT,Direct,H,H,No Deposit,Transient
51365,316,22,26,0,3,1,0,0,0,0,1,0,100.0,0,0,0,BB,AUT,Groups,A,A,No Deposit,Transient-Party
90291,57,24,10,1,2,2,0,0,0,0,0,0,90.67,0,1,0,BB,PRT,Offline TA/TO,A,A,No Deposit,Transient-Party
29193,3,5,30,1,0,1,0,0,0,1,0,0,34.4,0,0,1,BB,PRT,Online TA,A,A,No Deposit,Group
77732,14,42,15,0,1,1,0,0,1,0,0,0,100.0,0,0,0,BB,PRT,Offline TA/TO,A,A,No Deposit,Transient-Party
116349,171,30,26,0,3,2,0,0,0,0,1,0,132.5,0,1,0,BB,DEU,Online TA,A,A,No Deposit,Transient
87864,88,19,3,0,3,3,0,0,0,0,1,0,138.0,0,1,0,HB,PRT,Offline TA/TO,A,D,No Deposit,Transient-Party
67427,35,19,10,0,1,2,0,0,0,0,0,0,130.0,0,0,0,BB,PRT,Groups,A,A,No Deposit,Transient-Party
66308,156,17,26,0,3,2,0,0,0,0,0,0,100.0,0,0,0,BB,PRT,Groups,A,A,Non Refund,Transient
93959,142,32,3,0,3,2,2,0,0,0,0,0,186.3,1,1,0,BB,FRA,Online TA,F,F,No Deposit,Transient
2002,354,39,26,2,5,26,0,0,0,0,0,0,0.0,0,0,1,BB,PRT,Offline TA/TO,A,A,No Deposit,Group
4131,99,8,16,2,7,2,0,0,0,0,0,0,33.3,0,0,1,BB,IRL,Offline TA/TO,D,D,No Deposit,Transient
81216,113,9,25,0,3,2,0,0,1,0,0,44,75.0,0,0,0,BB,PRT,Offline TA/TO,A,A,Non Refund,Transient
36204,106,21,22,1,3,2,0,0,0,0,0,0,119.0,0,2,1,HB,DEU,Online TA,A,A,No Deposit,Transient
46579,31,6,6,2,1,2,0,0,0,0,0,0,69.5,0,1,0,SC,ITA,Online TA,A,A,No Deposit,Transient-Party
90490,14,26,20,1,0,2,0,0,0,1,0,0,129.0,0,1,0,SC,ITA,Online TA,A,A,No Deposit,Transient
61617,306,1,2,1,3,2,0,0,0,0,0,0,67.15,0,0,0,SC,ITA,Online TA,A,A,No Deposit,Transient-Party
68313,101,21,21,2,1,2,0,0,0,0,0,0,135.0,0,0,0,BB,BRA,Online TA,A,A,No Deposit,Transient
24132,117,21,21,2,3,2,0,0,0,0,0,0,73.0,0,3,1,BB,NLD,Online TA,D,D,No Deposit,Transient
114095,396,26,25,2,0,2,0,0,0,0,0,0,122.4,0,1,0,HB,DEU,Offline TA/TO,A,A,No Deposit,Transient-Party
71194,450,28,11,0,1,2,0,0,0,0,0,0,90.0,0,0,0,BB,PRT,Groups,A,A,Non Refund,Transient
45263,94,48,23,1,2,2,0,0,0,0,0,0,65.45,0,2,0,BB,GBR,Online TA,D,D,No Deposit,Transient
111030,128,19,13,0,1,2,0,0,0,0,0,0,144.0,0,0,0,BB,IRL,Online TA,A,A,No Deposit,Transient
17670,0,45,6,0,1,2,0,0,0,0,0,0,56.0,0,0,1,BB,ESP,Direct,D,D,No Deposit,Transient
75208,312,35,25,0,4,2,0,0,1,0,0,0,62.0,0,0,0,BB,PRT,Groups,A,A,No Deposit,Transient-Party
108650,87,14,5,0,4,3,0,0,0,0,0,0,121.8,0,2,0,BB,ITA,Online TA,D,D,No Deposit,Transient
112750,8,23,6,0,1,1,0,0,0,0,0,0,150.0,0,1,0,BB,OTHER,Online TA,A,E,No Deposit,Transient
9246,99,45,5,2,1,2,0,0,0,0,0,0,55.8,0,0,1,BB,FRA,Online TA,E,E,No Deposit,Transient
115874,264,29,20,0,2,3,0,0,0,0,1,0,156.6,0,4,0,BB,ISR,Online TA,D,D,No Deposit,Transient
118491,214,35,27,2,2,3,0,0,0,0,0,0,115.0,0,0,0,BB,DEU,Offline TA/TO,A,D,No Deposit,Transient
35206,276,16,22,2,5,1,0,0,0,0,1,0,72.0,0,0,1,Undefined,SWE,Groups,A,A,No Deposit,Transient-Party
32386,10,6,6,1,1,2,0,0,0,0,0,0,90.0,0,0,1,Undefined,PRT,Groups,A,E,No Deposit,Transient-Party
26765,125,34,15,3,5,2,0,0,0,0,0,0,214.0,0,1,1,BB,GBR,Online TA,E,E,No Deposit,Transient
83357,137,7,12,1,2,2,0,0,0,0,0,0,102.0,0,0,0,BB,FRA,Direct,D,A,No Deposit,Transient
31263,0,1,4,0,1,2,0,0,0,0,0,0,44.0,0,0,1,BB,PRT,Direct,D,D,No Deposit,Transient
36977,236,24,11,2,5,2,0,0,0,0,0,0,61.4,0,1,1,BB,GBR,Offline TA/TO,A,A,No Deposit,Transient
29553,42,46,7,1,4,2,0,0,0,0,0,0,35.0,1,1,1,BB,FRA,Offline TA/TO,A,D,No Deposit,Transient
6898,35,29,10,2,1,2,0,0,0,0,0,0,160.0,0,0,1,BB,BRA,Online TA,A,A,No Deposit,Transient
60894,322,50,9,0,2,2,0,0,0,0,0,0,52.0,0,0,0,BB,PRT,Offline TA/TO,A,A,Non Refund,Transient
100853,311,46,10,0,2,2,0,1,0,0,0,0,9.0,0,2,0,BB,PRT,Complementary,D,D,No Deposit,Transient
13125,300,31,2,0,3,2,2,0,0,0,0,0,202.92,0,0,1,BB,PRT,Online TA,C,C,No Deposit,Transient
27731,147,39,19,1,4,2,0,0,0,0,1,0,97.0,1,1,1,BB,RUS,Online TA,A,A,No Deposit,Transient
47785,60,13,20,2,2,2,0,0,0,0,0,0,75.0,0,0,0,BB,PRT,Offline TA/TO,A,A,Non Refund,Transient
4292,219,10,2,2,5,2,0,0,0,0,0,0,52.0,0,0,1,HB,PRT,Offline TA/TO,A,A,Non Refund,Transient
109685,31,16,21,2,3,1,0,0,0,0,1,0,75.0,0,1,0,BB,AUT,Offline TA/TO,A,A,No Deposit,Transient-Party
23643,56,19,5,2,5,2,0,0,0,0,0,0,72.75,0,0,1,HB,GBR,Offline TA/TO,D,E,No Deposit,Contract
117149,142,32,8,0,2,3,0,0,0,0,0,0,211.5,0,3,0,BB,PRT,Online TA,E,E,No Deposit,Transient
47547,72,12,14,1,2,2,0,0,0,0,2,0,104.4,0,1,0,BB,DNK,Online TA,D,D,No Deposit,Transient
36237,203,21,25,0,3,2,0,0,0,0,4,0,49.0,1,0,1,BB,GBR,Groups,A,A,No Deposit,Transient-Party
16278,266,25,13,3,7,2,0,0,0,1,1,0,53.85,0,0,1,BB,GBR,Offline TA/TO,A,A,No Deposit,Contract
33676,37,10,11,2,1,2,0,0,0,0,0,0,55.0,0,2,1,BB,DEU,Direct,A,A,No Deposit,Transient
51675,101,23,1,0,4,2,2,0,0,0,0,0,187.85,0,0,0,BB,ITA,Online TA,F,F,No Deposit,Transient
101531,76,48,22,0,1,2,0,0,0,0,0,0,93.6,0,1,0,BB,CHE,Online TA,A,A,No Deposit,Transient
76276,0,33,12,0,1,2,0,0,0,0,0,0,124.0,0,0,0,BB,FRA,Groups,A,A,No Deposit,Transient
62128,54,3,18,0,3,2,0,0,0,0,0,0,65.0,0,0,0,BB,PRT,Offline TA/TO,A,A,Non Refund,Transient
3294,22,49,4,2,2,2,0,0,0,0,0,0,52.4,0,2,1,BB,ESP,Online TA,D,D,No Deposit,Transient
86057,55,15,6,0,1,2,0,0,0,0,0,0,104.0,0,0,0,HB,PRT,Offline TA/TO,A,A,No Deposit,Transient-Party
51072,68,21,21,2,3,2,0,0,0,0,0,0,132.6,0,0,0,BB,DEU,Online TA,D,D,No Deposit,Transient
81440,115,13,20,2,0,1,0,0,1,0,0,22,70.0,0,0,0,BB,PRT,Groups,A,A,Non Refund,Transient
94007,23,32,6,0,1,2,2,0,0,0,0,0,235.95,1,0,0,BB,GBR,Direct,G,G,No Deposit,Transient
16656,224,37,12,4,10,2,0,0,0,0,0,0,86.28,0,0,1,HB,GBR,Offline TA/TO,D,D,No Deposit,Contract
110629,121,18,4,2,3,2,0,0,0,0,0,0,126.0,0,0,0,BB,FRA,Online TA,A,A,No Deposit,Transient
97754,112,40,26,1,1,2,0,0,0,0,0,0,139.8,0,0,0,BB,PRT,Direct,A,A,No Deposit,Transient
52180,104,24,9,0,3,2,1,0,0,0,0,0,143.1,0,0,0,BB,BRA,Online TA,A,A,No Deposit,Transient
90610,0,25,15,0,2,1,0,0,0,0,1,0,121.0,0,0,0,BB,PRT,Direct,A,A,No Deposit,Transient
85001,42,12,16,0,2,1,0,0,0,0,0,0,71.1,0,1,0,BB,DEU,Direct,A,A,No Deposit,Transient-Party
32893,15,7,14,2,5,1,0,0,0,0,0,0,69.71,0,2,1,BB,FRA,Online TA,E,E,No Deposit,Transient
69561,121,23,9,1,2,2,1,0,0,0,0,0,162.0,0,0,0,BB,CN,Online TA,A,A,No Deposit,Transient
90397,11,25,12,2,0,2,0,0,0,0,0,0,133.45,0,0,0,BB,SWE,Direct,E,E,No Deposit,Transient
98544,349,41,4,1,5,1,0,0,0,0,0,162,96.67,0,0,0,BB,DEU,Offline TA/TO,A,A,No Deposit,Transient-Party
52835,91,25,18,1,1,2,0,0,0,0,0,0,116.1,0,0,0,SC,FRA,Online TA,A,A,No Deposit,Transient
112571,144,22,1,0,3,2,0,0,0,0,0,0,116.67,0,1,0,BB,IRL,Direct,A,A,No Deposit,Transient
82764,8,5,27,0,1,2,0,0,0,0,0,0,102.0,1,1,0,BB,PRT,Online TA,A,A,No Deposit,Transient
81068,61,52,24,0,3,2,0,0,1,0,2,0,107.2,0,1,0,HB,PRT,Offline TA/TO,A,A,No Deposit,Group
111114,95,19,12,1,2,1,0,0,0,0,0,0,147.0,0,1,0,BB,BEL,Online TA,D,D,No Deposit,Transient
72083,23,31,1,0,2,1,0,0,0,0,0,0,154.0,0,0,0,BB,CHN,Online TA,D,D,No Deposit,Transient
1049,85,33,11,0,5,2,0,0,0,0,1,0,134.0,0,2,1,BB,PRT,Online TA,A,A,No Deposit,Transient
108553,31,14,6,0,2,2,0,0,0,0,0,0,120.0,0,0,0,SC,GBR,Online TA,A,D,No Deposit,Transient
87483,78,18,26,0,4,2,0,0,0,0,0,0,75.0,0,0,0,BB,FRA,Offline TA/TO,A,D,No Deposit,Transient
33994,96,12,19,2,5,1,0,0,0,0,0,0,30.0,0,0,1,BB,NOR,Groups,A,A,No Deposit,Transient-Party
101807,127,48,25,1,2,2,0,0,0,0,0,0,79.2,0,1,0,SC,OTHER,Online TA,A,A,No Deposit,Transient
30981,47,52,22,2,5,2,0,0,0,0,0,0,94.29,0,1,1,Undefined,FRA,Offline TA/TO,E,E,No Deposit,Transient-Party
3019,166,46,11,0,4,1,0,0,0,0,1,0,27.9,0,1,1,BB,DEU,Online TA,A,D,No Deposit,Transient
37243,198,25,19,3,5,2,0,0,0,0,0,0,142.0,1,3,1,HB,CHE,Online TA,A,A,No Deposit,Transient
104891,43,6,7,0,4,2,0,0,0,0,0,0,90.1,0,1,0,BB,FRA,Online TA,A,A,No Deposit,Transient
18224,15,48,27,0,2,2,0,0,1,0,0,0,60.0,0,0,1,BB,PRT,Corporate,D,D,No Deposit,Transient-Party
101508,215,48,21,1,1,1,0,0,0,0,1,0,75.0,0,0,0,BB,ESP,Groups,A,D,No Deposit,Transient
85306,59,12,19,2,2,1,0,0,0,0,0,0,93.5,0,1,0,BB,GBR,Online TA,A,A,No Deposit,Transient
13641,31,34,25,2,2,2,0,0,0,0,1,0,250.0,0,2,1,BB,OTHER,Online TA,E,E,No Deposit,Transient
91055,20,26,22,0,2,1,0,0,0,0,0,0,115.0,0,1,0,BB,GBR,Online TA,A,A,No Deposit,Transient
71993,185,30,29,2,6,2,1,0,0,0,0,0,117.9,0,0,0,BB,PRT,Online TA,A,A,No Deposit,Transient
89681,112,23,2,0,2,2,0,0,0,0,0,0,100.0,0,0,0,BB,FRA,Offline TA/TO,A,A,No Deposit,Transient-Party
45566,198,49,5,2,1,2,0,0,0,0,0,0,90.0,0,0,0,HB,ESP,Groups,A,A,Non Refund,Transient
114399,10,26,29,0,2,1,0,0,0,0,0,0,120.0,0,0,0,SC,GBR,Offline TA/TO,A,A,No Deposit,Transient
13533,211,33,19,2,5,2,0,0,0,0,0,0,133.74,0,0,1,HB,PRT,Online TA,A,A,No Deposit,Transient
68343,286,21,22,1,0,2,0,0,0,0,0,0,84.6,0,0,0,BB,PRT,Offline TA/TO,A,A,No Deposit,Transient
783,37,31,29,1,4,2,0,0,0,0,0,0,145.0,0,1,1,HB,PRT,Direct,A,D,No Deposit,Transient
21996,36,13,23,0,3,2,0,0,0,0,0,0,107.33,1,1,1,HB,ESP,Online TA,D,D,No Deposit,Transient
90137,125,24,9,0,1,2,0,0,0,0,0,0,116.1,0,0,0,SC,GBR,Online TA,A,A,No Deposit,Transient
116849,70,31,4,0,1,2,0,0,0,0,1,0,150.0,0,1,0,BB,PRT,Online TA,A,A,No Deposit,Transient
89585,136,23,29,2,3,2,0,0,0,0,0,0,117.29,1,1,0,BB,FRA,Online TA,D,D,No Deposit,Transient
12,68,27,1,0,4,2,0,0,0,0,0,0,97.0,0,3,1,BB,USA,Online TA,D,E,No Deposit,Transient
20397,1,7,10,0,2,2,0,0,0,0,0,0,75.0,0,0,1,BB,PRT,Direct,D,D,No Deposit,Transient
1293,70,34,22,2,4,2,2,0,0,0,1,0,211.0,1,0,1,HB,PRT,Direct,C,C,No Deposit,Transient
69966,150,24,17,2,3,1,0,0,0,0,0,0,120.0,0,0,0,BB,PRT,Offline TA/TO,A,A,Non Refund,Transient
35425,151,17,28,2,5,2,0,0,0,0,0,0,52.85,0,1,1,BB,GBR,Offline TA/TO,D,D,No Deposit,Contract
33113,88,8,25,1,1,2,2,0,0,0,0,0,82.0,0,1,1,BB,USA,Online TA,G,G,No Deposit,Transient
92417,175,29,13,0,2,2,0,0,0,0,0,0,96.3,0,1,0,BB,GBR,Online TA,A,A,No Deposit,Transient
3273,21,49,2,0,1,2,0,0,0,0,0,0,61.2,0,2,1,BB,GBR,Online TA,E,E,No Deposit,Transient
45392,84,48,27,0,2,1,0,0,0,0,1,0,56.0,0,0,0,BB,PRT,Groups,A,A,No Deposit,Transient-Party
104211,40,4,22,1,0,2,0,0,0,0,0,0,130.9,0,3,0,HB,NLD,Online TA,D,D,No Deposit,Transient
113715,110,25,19,1,1,2,0,0,0,0,0,0,108.0,0,1,0,SC,ISR,Online TA,A,A,No Deposit,Transient
98460,106,41,6,0,2,3,0,0,0,0,0,0,151.0,0,3,0,BB,DEU,Direct,D,D,No Deposit,Transient-Party
66308,156,17,26,0,3,2,0,0,0,0,0,0,100.0,0,0,0,BB,PRT,Groups,A,A,Non Refund,Transient
50864,316,21,19,0,2,2,0,0,0,0,0,0,62.0,0,0,0,BB,PRT,Groups,A,A,Non Refund,Transient
78500,1,43,20,0,1,1,0,0,0,0,0,0,155.0,0,1,0,BB,ITA,Online TA,D,D,No Deposit,Contract
30832,0,51,15,2,5,1,0,0,0,0,0,0,47.0,0,0,1,Undefined,FRA,Offline TA/TO,A,A,No Deposit,Transient
29694,0,7,12,1,0,2,0,0,0,2,0,0,68.0,1,2,1,BB,PRT,Online TA,E,E,No Deposit,Transient
24045,47,21,21,2,1,2,0,0,0,0,0,0,106.33,1,1,1,BB,FRA,Online TA,E,E,No Deposit,Transient-Party
108925,79,15,11,0,3,2,0,0,0,0,1,0,165.0,0,1,0,BB,FRA,Online TA,D,A,No Deposit,Transient
24964,12,26,25,1,1,2,2,0,0,0,1,0,249.0,1,0,1,HB,PRT,Online TA,G,G,No Deposit,Transient
20979,24,9,26,1,2,2,0,0,0,0,0,0,48.0,0,1,1,BB,PRT,Online TA,A,D,No Deposit,Transient
25308,319,28,4,2,5,2,0,0,0,0,0,0,59.51,0,0,1,BB,GBR,Offline TA/TO,A,A,No Deposit,Contract
78771,0,43,23,0,1,1,0,0,0,0,2,0,109.0,0,0,0,BB,PRT,Direct,A,A,No Deposit,Transient
104005,0,2,14,2,3,2,0,0,0,0,0,0,88.74,0,0,0,BB,OTHER,Online TA,A,A,No Deposit,Transient
109144,11,15,14,1,2,2,0,0,0,0,0,0,110.67,0,2,0,SC,ESP,Online TA,A,A,No Deposit,Transient
54188,75,30,23,2,5,2,1,0,0,0,0,0,123.3,0,0,0,BB,HUN,Online TA,A,A,No Deposit,Transient
6155,143,22,27,0,2,2,0,0,0,0,0,0,100.55,0,0,1,HB,PRT,Direct,E,E,No Deposit,Transient
27653,15,39,19,1,1,2,0,0,0,0,0,0,127.0,1,1,1,BB,DEU,Online TA,A,C,No Deposit,Transient
112509,99,22,30,0,4,2,0,0,0,0,0,0,205.2,0,2,0,HB,BEL,Online TA,E,E,No Deposit,Transient
4268,15,10,1,0,1,2,0,0,0,0,0,0,48.0,0,0,1,BB,PRT,Online TA,A,D,No Deposit,Transient
35663,82,19,8,1,3,2,0,0,0,0,0,0,87.0,0,1,1,BB,ROU,Online TA,A,A,No Deposit,Transient
83590,4,8,19,0,1,1,0,0,0,0,0,0,81.0,0,0,0,BB,PRT,Corporate,A,A,No Deposit,Transient-Party
14684,29,15,13,0,3,2,0,0,1,11,1,8,126.5,1,4,1,HB,PRT,Direct,E,E,No Deposit,Transient
68405,423,21,23,0,1,2,0,0,0,0,0,0,90.0,0,0,0,BB,PRT,Groups,A,A,Non Refund,Transient
82073,41,53,31,0,3,2,0,0,0,0,0,0,118.0,0,0,0,BB,PRT,Offline TA/TO,A,B,No Deposit,Transient
38735,49,32,8,0,3,1,0,0,0,0,0,0,135.0,0,1,1,BB,PRT,Corporate,A,A,No Deposit,Group
16017,22,35,25,0,5,3,0,0,0,0,0,0,203.0,0,2,1,BB,PRT,Direct,D,D,No Deposit,Transient
31618,0,3,15,1,0,2,0,0,0,0,0,0,69.0,0,0,1,BB,FRA,Direct,F,F,No Deposit,Transient
93000,292,30,21,0,2,2,0,0,0,0,0,0,115.0,0,0,0,HB,DEU,Offline TA/TO,A,A,No Deposit,Transient-Party
82597,63,4,19,0,2,1,0,0,0,0,2,0,71.0,0,0,0,BB,PRT,Offline TA/TO,A,A,No Deposit,Transient-Party
115425,414,28,13,0,2,2,0,0,0,0,0,0,122.4,0,1,0,HB,DEU,Groups,A,A,No Deposit,Transient-Party
38714,27,32,8,0,2,1,0,0,0,0,2,0,232.0,0,1,1,BB,USA,Online TA,E,E,No Deposit,Transient
50348,298,20,10,0,2,1,0,0,0,0,1,207,76.0,0,0,0,BB,OTHER,Offline TA/TO,A,A,No Deposit,Transient-Party
44139,80,41,9,0,2,1,0,0,0,0,0,50,108.0,0,0,0,HB,PRT,Offline TA/TO,D,D,No Deposit,Transient-Party
75090,281,30,25,2,2,2,0,0,1,0,0,0,62.0,0,0,0,BB,PRT,Groups,A,A,No Deposit,Transient-Party
18196,5,48,25,0,1,1,0,0,0,0,0,0,25.0,0,0,1,BB,PRT,Corporate,A,A,No Deposit,Transient
102238,81,50,4,2,2,2,0,0,0,0,0,0,75.0,0,0,0,BB,FRA,Offline TA/TO,A,D,No Deposit,Transient
61434,538,53,29,0,2,2,0,0,0,0,0,0,62.8,0,0,0,BB,PRT,Groups,A,A,Non Refund,Transient
31245,14,1,5,2,3,2,0,0,0,0,0,0,44.97,0,1,1,BB,GBR,Online TA,F,F,No Deposit,Group
31242,0,1,7,0,1,2,0,0,0,1,1,0,44.0,0,0,1,BB,ITA,Direct,A,A,No Deposit,Transient
6012,126,21,21,0,1,2,0,0,0,0,2,0,0.0,0,0,1,BB,PRT,Complementary,A,C,No Deposit,Transient
8601,181,41,7,2,5,2,2,0,0,0,0,0,127.14,0,0,1,BB,IRL,Online TA,G,G,No Deposit,Transient
24594,6,25,17,0,2,2,0,0,0,0,0,0,143.1,0,1,1,BB,SWE,Online TA,F,F,No Deposit,Transient
76287,0,34,19,0,1,1,0,0,1,1,0,0,65.0,0,0,0,BB,PRT,Corporate,A,D,No Deposit,Transient
19637,0,16,11,1,0,1,0,0,0,11,0,0,42.0,0,1,1,BB,PRT,Corporate,A,D,No Deposit,Transient
28380,4,42,10,1,1,1,0,0,0,0,0,0,62.0,1,2,1,BB,ESP,Online TA,A,A,No Deposit,Transient
82843,9,5,29,0,2,2,0,0,0,0,1,0,78.25,0,1,0,BB,USA,Online TA,B,B,No Deposit,Transient-Party
100944,54,46,11,1,2,2,0,0,0,0,0,0,79.2,0,2,0,SC,FRA,Online TA,A,A,No Deposit,Transient
94859,307,34,14,2,3,2,1,0,0,0,1,0,158.4,0,1,0,BB,BEL,Online TA,F,F,No Deposit,Contract
24221,5,22,28,1,1,2,2,0,0,0,0,0,145.0,0,0,1,BB,USA,Online TA,G,G,No Deposit,Transient
67480,74,19,11,0,3,2,0,0,0,0,0,0,180.0,0,0,0,BB,DEU,Online TA,E,E,No Deposit,Transient
25006,136,26,19,4,6,2,0,0,0,0,0,0,68.6,0,0,1,BB,DEU,Offline TA/TO,D,D,No Deposit,Transient
99868,216,44,23,2,3,0,2,0,0,0,0,0,83.83,0,3,0,BB,GBR,Online TA,B,B,No Deposit,Transient
45590,106,50,9,0,2,2,0,0,0,0,0,57,75.0,0,0,0,BB,PRT,Groups,A,A,Non Refund,Transient
116382,89,30,27,0,2,2,0,0,0,0,0,0,96.0,0,1,0,SC,USA,Online TA,A,D,No Deposit,Transient
11159,36,17,25,0,3,2,2,0,0,0,0,0,165.0,0,1,1,BB,GBR,Online TA,G,G,No Deposit,Transient
53597,365,28,7,0,2,2,0,0,0,0,0,0,62.0,0,0,0,BB,PRT,Groups,A,A,Non Refund,Transient
77204,22,42,13,2,5,2,0,0,1,0,0,0,126.0,0,0,0,BB,PRT,Online TA,A,A,No Deposit,Transient
113646,19,25,19,1,0,1,0,0,0,0,0,0,137.75,0,1,0,BB,FRA,Online TA,D,D,No Deposit,Transient
83439,87,8,15,1,1,1,0,0,0,0,2,0,62.1,0,0,0,BB,USA,Direct,A,A,No Deposit,Transient
69095,86,22,2,1,2,2,0,0,0,0,0,0,180.0,0,0,0,BB,ITA,Online TA,E,E,No Deposit,Transient
47675,46,12,18,0,2,2,0,0,0,0,0,0,112.5,0,0,0,BB,ESP,Online TA,D,D,No Deposit,Transient
104749,7,5,2,1,3,2,0,0,0,0,0,0,74.8,0,0,0,SC,FRA,Online TA,A,A,No Deposit,Transient
31793,39,2,13,2,5,2,0,0,0,0,0,0,34.82,0,1,1,BB,GBR,Online TA,A,E,No Deposit,Transient
88444,189,20,12,1,3,2,0,0,0,0,0,0,90.1,0,0,0,BB,DEU,Direct,A,A,No Deposit,Transient
88833,198,21,20,0,1,2,0,0,0,0,0,98,65.0,0,0,0,BB,PRT,Groups,A,A,No Deposit,Transient-Party
14153,4,12,18,0,1,2,0,0,0,1,0,0,45.0,0,1,1,BB,PRT,Direct,A,D,No Deposit,Transient
22573,50,31,28,0,1,1,0,0,0,6,0,0,115.0,0,0,1,BB,PRT,Corporate,A,A,No Deposit,Transient
35949,35,19,12,2,6,2,0,0,0,0,1,0,169.0,0,0,1,BB,NLD,Online TA,G,G,No Deposit,Transient
93534,170,31,28,0,3,2,1,0,0,0,0,0,86.24,0,2,0,SC,FRA,Online TA,A,A,No Deposit,Transient
53403,184,27,1,2,2,2,0,0,0,0,0,0,90.95,0,1,0,BB,POL,Online TA,A,A,No Deposit,Transient
60321,3,48,23,6,18,2,0,0,0,0,0,0,76.78,0,0,0,SC,OTHER,Online TA,A,A,No Deposit,Transient
56206,111,38,11,2,2,2,0,0,0,0,0,0,118.8,0,2,0,SC,DEU,Online TA,A,A,No Deposit,Transient
5803,211,20,14,1,1,2,0,0,0,0,0,0,85.0,0,0,1,HB,DEU,Groups,A,D,No Deposit,Transient-Party
9028,176,44,24,1,3,2,0,0,0,0,0,0,58.0,0,0,1,BB,IRL,Online TA,D,D,No Deposit,Transient
76914,100,52,25,0,1,2,0,0,1,0,0,0,85.0,0,2,0,BB,PRT,Online TA,A,A,No Deposit,Transient
89352,2,22,28,0,1,2,0,0,0,0,0,0,149.0,0,1,0,SC,GBR,Online TA,A,B,No Deposit,Transient
110252,72,18,1,1,2,1,0,0,0,0,0,0,79.2,0,0,0,SC,USA,Online TA,A,A,No Deposit,Transient
87830,19,19,2,1,2,2,0,0,0,0,0,0,130.0,0,0,0,BB,OTHER,Online TA,A,A,No Deposit,Transient-Party
36870,131,24,11,2,2,2,0,0,0,0,0,0,58.7,0,0,1,BB,CN,Offline TA/TO,A,A,No Deposit,Transient
48486,101,15,4,1,2,2,0,0,0,0,0,41,80.0,0,0,0,BB,PRT,Offline TA/TO,A,A,Non Refund,Transient
80906,6,50,10,0,2,2,0,0,0,0,0,0,0.0,0,1,0,HB,DEU,Offline TA/TO,A,A,No Deposit,Transient-Party
45753,21,53,28,1,1,2,0,0,0,0,0,0,125.0,1,2,0,BB,FRA,Online TA,A,A,No Deposit,Transient-Party
101108,7,47,16,0,1,1,0,0,0,0,0,0,95.0,0,0,0,BB,FRA,Direct,A,A,No Deposit,Transient
79064,9,44,30,0,1,1,0,0,0,0,0,0,95.0,0,0,0,BB,PRT,Offline TA/TO,A,D,No Deposit,Transient-Party
21699,154,11,12,2,6,2,0,0,0,0,1,0,35.45,0,1,1,FB,PRT,Offline TA/TO,A,A,No Deposit,Transient
36819,210,22,3,4,6,2,0,0,0,0,1,0,68.4,0,0,1,BB,GBR,Offline TA/TO,D,D,No Deposit,Contract
